complaint_id,customer_id,complaint_date,complaint_category,complaint_status,resolution_days,branch_id
CMP900059,CUST102807,07-23-2020,Account Closure,Open,3,BR1031
CMP900289,CUST102942,03-21-2019,Mis-selling,Escalated,43,BR1021
CMP900866,CUST101645,2019-07-03,Account Closure,In Progress,31,BR1031
CMP900716,CUST101368,12-21-2024,Fees & Charges,Resolved,40,BR1001
CMP900517,CUST101653,2022-12-12,Customer Service,Escalated,14,BR1017
CMP900314,CUST102438,11-Jun-2020,Fees & Charges,Resolved,14,BR1031
CMP900915,CUST100659,16-Dec-2026,Card Issue,Escalated,37,BR1019
CMP900329,CUST102734,08-27-2025,Loan Issue,Resolved,37,BR1029
CMP900805,CUST100771,2025-02-07,Loan Issue,Open,8,BR1012
CMP900355,CUST101299,30/01/2024,Fees & Charges,Open,5,BR1019
CMP900768,CUST100814,13.06.2026,,In Progress,17,BR1003
CMP900536,CUST103036,2019-12-23,Fraud,Resolved,6,BR1015
CMP900529,CUST100022,31-May-2021,Loan Issue,In Progress,28,BR1014
CMP900910,CUST103070,04-19-2024,Card Issue,In Progress,43,BR1031
CMP900736,CUST101637,13/07/2019,Mis-selling,Escalated,13,BR1002
CMP900788,CUST102791,08.08.2020,Mis-selling,Resolved,14,BR1019
CMP900138,CUST102768,02-04-2022,Customer Service,Open,24,BR1001
CMP900526,CUST101596,13/03/2025,,Resolved,37,BR1031
CMP900147,CUST102813,14/01/2025,Account Closure,Escalated,1,BR1005
CMP900451,CUST100177,28-Apr-2020,Card Issue,Open,22,BR1001
CMP900513,CUST100991,2020-12-20,,Escalated,19,BR1019
CMP900085,CUST100968,29/05/2026,Card Issue,In Progress,16,BR1026
CMP900776,CUST101698,2025-05-16,Fraud,Resolved,19,BR1019
CMP900280,CUST102118,17/06/2022,Online Banking,Open,26,BR1031
CMP900790,CUST100475,06-May-2023,Fraud,Resolved,35,BR1025
CMP900795,CUST102184,01/09/2024,Card Issue,Open,13,BR1016
CMP900796,CUST100781,05-21-2021,Fraud,Resolved,43,BR1021
CMP900612,CUST102266,22-Oct-2023,Card Issue,Open,10,BR1023
CMP900432,CUST100389,2022-09-05,Customer Service,Open,44,BR1020
CMP900035,CUST100192,07-Apr-2021,,Resolved,6,BR1018
CMP900905,CUST100282,26/02/2020,Fraud,Escalated,28,BR1019
CMP900245,CUST102640,30/07/2020,Loan Issue,In Progress,1,BR1010
CMP900847,CUST102248,2022-11-18,Online Banking,Escalated,40,BR1018
CMP900834,CUST101075,17/07/2024,Account Closure,Resolved,-2,BR1020
CMP900572,CUST101416,03-24-2024,Online Banking,Open,2,BR1004
CMP900889,CUST103031,10-Oct-2024,Online Banking,Resolved,7,BR1020
CMP900282,CUST100116,2025-06-29,Customer Service,Escalated,38,BR1009
CMP900176,CUST100653,12-10-2022,Customer Service,Open,42,BR1003
CMP900393,CUST103074,2024-08-14,Mis-selling,Resolved,20,BR1008
CMP900443,CUST101202,05.02.2021,Customer Service,In Progress,20,BR1015
CMP900231,CUST102183,01-Aug-2025,Card Issue,Escalated,21,BR1001
CMP900498,CUST100651,02.09.2026,Loan Issue,Escalated,8,BR1004
CMP900799,CUST100320,24/04/2023,,Open,7,BR1023
CMP900758,CUST102351,10-11-2020,Fees & Charges,In Progress,3,BR1012
CMP900818,CUST102615,2026-01-17,,Open,18,BR1031
CMP900294,CUST102686,17/06/2025,Fees & Charges,In Progress,36,BR1031
CMP900719,CUST102534,02/11/2023,Account Closure,In Progress,16,BR1020
CMP900054,CUST100687,14.05.2020,Loan Issue,Escalated,7,BR1026
CMP900106,CUST102115,14-Nov-2024,Fraud,Open,28,BR1003
CMP900047,CUST103053,06-03-2019,Fees & Charges,Escalated,7,BR1024
CMP900223,CUST100901,06-29-2019,Fees & Charges,Resolved,23,BR1019
CMP900605,CUST101606,2021-08-08,,Escalated,28,BR1000
CMP900827,CUST103137,07-14-2026,Fraud,Open,11,BR1022
CMP900493,CUST100186,24/07/2021,,Resolved,43,BR1018
CMP900331,CUST100882,23-Jan-2023,Card Issue,Escalated,34,BR1010
CMP900938,CUST101457,2020-05-10,Fraud,In Progress,45,BR1027
CMP900057,CUST100447,15-Dec-2020,Customer Service,Escalated,-4,BR1024
CMP900146,CUST101453,24.08.2019,,In Progress,5,BR1013
CMP900839,CUST100208,29.10.2020,Card Issue,Open,35,BR1001
CMP900073,CUST101632,2026-01-04,Mis-selling,In Progress,13,BR1023
CMP900783,CUST103143,02-15-2026,,Open,31,BR1025
CMP900064,CUST100252,03.06.2024,Mis-selling,Resolved,36,BR1013
CMP900553,CUST102905,23-Jun-2022,,Escalated,21,BR1021
CMP900554,CUST102382,06-05-2023,Fraud,Resolved,44,BR1000
CMP900920,CUST100681,02-Aug-2022,Loan Issue,Resolved,27,BR1012
CMP900023,CUST100831,06.02.2023,Online Banking,In Progress,40,BR1011
CMP900449,CUST100501,17-Apr-2021,Fraud,In Progress,13,BR1001
CMP900670,CUST100832,2021-03-30,Account Closure,In Progress,19,BR1004
CMP900669,CUST101089,2024-10-15,Customer Service,In Progress,30,BR1009
CMP900317,CUST101505,21-Dec-2020,Fees & Charges,Resolved,16,BR1028
CMP900378,CUST100753,22.01.2025,Card Issue,Escalated,8,BR1004
CMP900115,CUST102527,06.01.2020,Fraud,Escalated,3,BR1004
CMP900198,CUST102224,2020-04-11,Account Closure,Escalated,-10,BR1023
CMP900596,CUST102954,08-26-2021,,Open,14,BR1000
CMP900623,CUST102901,28.08.2026,Customer Service,Open,30,BR1024
CMP900874,CUST102309,22/02/2019,Customer Service,Escalated,33,BR1007
CMP900395,CUST102523,31/05/2020,Mis-selling,Open,12,BR1010
CMP900871,CUST102147,09-Jun-2026,Fraud,In Progress,41,BR1022
CMP900668,CUST100589,04/11/2022,Online Banking,Resolved,36,BR1012
CMP900923,CUST102353,16/08/2020,Loan Issue,Escalated,45,BR1029
CMP900358,CUST103074,06.02.2026,Account Closure,In Progress,8,BR1010
CMP900943,CUST100410,10-11-2025,Fees & Charges,In Progress,29,BR1011
CMP900666,CUST100267,05-Aug-2026,Fraud,Escalated,15,BR1006
CMP900592,CUST101989,14.11.2023,Mis-selling,In Progress,24,BR1015
CMP900460,CUST102529,2024-05-14,,In Progress,14,BR1024
CMP900857,CUST101599,2024-06-25,Account Closure,Resolved,9,BR1020
CMP900411,CUST100384,01-Apr-2020,Fraud,Resolved,-10,BR1021
CMP900128,CUST100700,04-12-2020,Fraud,In Progress,31,BR1006
CMP900402,CUST101100,2022-03-23,Fraud,Escalated,20,BR1021
CMP900864,CUST101633,01-03-2025,Customer Service,Resolved,32,BR1016
CMP900728,CUST102790,25.10.2025,Mis-selling,In Progress,9,BR1011
CMP900297,CUST101590,15/10/2021,Account Closure,Resolved,7,BR1022
CMP900033,CUST101153,08-Jan-2025,Card Issue,In Progress,6,BR1031
CMP900902,CUST102612,11-03-2021,Online Banking,In Progress,6,BR1011
CMP900113,CUST101577,24/12/2025,Mis-selling,Open,30,BR1009
CMP900225,CUST100626,28-Dec-2020,Card Issue,Open,11,BR1019
CMP900515,CUST100535,16.07.2023,,Escalated,7,BR1010
CMP900838,CUST101070,16-Oct-2021,Card Issue,Resolved,38,BR1002
CMP900141,CUST100492,08-23-2025,Fees & Charges,Open,41,BR1014
CMP900409,CUST101100,07-19-2022,Loan Issue,Resolved,5,BR1006
CMP900700,CUST102160,2020-11-27,Fraud,In Progress,19,BR1006
CMP900046,CUST102294,22/04/2019,Account Closure,Resolved,16,BR1010
CMP900332,CUST102833,03-22-2022,Fraud,Escalated,27,BR1031
CMP900165,CUST102017,26.07.2022,Card Issue,Resolved,40,BR1017
CMP900797,CUST100297,29-Apr-2023,Loan Issue,In Progress,16,BR1013
CMP900074,CUST102509,2026-10-20,Card Issue,In Progress,8,BR1019
CMP900200,CUST102124,2026-07-28,Account Closure,Open,27,BR1023
CMP900388,CUST101874,26/01/2023,Mis-selling,Resolved,28,BR1015
CMP900328,CUST102389,12.04.2024,Fraud,Resolved,10,BR1008
CMP900896,CUST102667,05/11/2023,Mis-selling,In Progress,10,BR1027
CMP900593,CUST100525,02-Aug-2019,Mis-selling,Resolved,30,BR1013
CMP900702,CUST102458,21.04.2020,Customer Service,In Progress,20,BR1000
CMP900407,CUST101806,04-Nov-2023,Customer Service,Open,-7,BR1004
CMP900058,CUST101973,03-May-2024,Card Issue,Escalated,5,BR1009
CMP900478,CUST101586,08-Nov-2023,Online Banking,Resolved,19,BR1024
CMP900251,CUST102069,18.11.2020,Card Issue,In Progress,20,BR1014
CMP900316,CUST101010,31-Mar-2026,Card Issue,Open,18,BR1012
CMP900601,CUST102253,01/07/2026,Online Banking,In Progress,15,BR1029
CMP900791,CUST100522,01-Feb-2021,Online Banking,Open,37,BR1025
CMP900333,CUST102958,30-Oct-2022,Mis-selling,Escalated,3,BR1013
CMP900359,CUST101726,10.09.2023,Online Banking,Escalated,16,BR1020
CMP900262,CUST102333,06-25-2023,,Escalated,1,BR1007
CMP900399,CUST100902,20/10/2021,Fraud,Escalated,32,BR1005
CMP900168,CUST101765,30-Jul-2020,Fraud,In Progress,25,BR1013
CMP900925,CUST100420,01/11/2025,Customer Service,Resolved,19,BR1005
CMP900893,CUST102224,11-23-2023,Online Banking,Open,-3,BR1029
CMP900275,CUST101763,2025-08-23,Card Issue,Escalated,15,BR1017
CMP900730,CUST100500,29/09/2026,Card Issue,Escalated,11,BR1007
CMP900214,CUST100782,07-12-2023,Account Closure,Open,1,BR1022
CMP900940,CUST102417,2021-10-06,,Open,17,BR1021
CMP900841,CUST102737,30-Jul-2024,Mis-selling,Escalated,3,BR1006
CMP900268,CUST102736,18-Aug-2024,,In Progress,13,BR1011
CMP900256,CUST102796,08/03/2021,Online Banking,In Progress,5,BR1010
CMP900093,CUST100671,2021-01-29,Fees & Charges,Open,25,BR1005
CMP900552,CUST101811,2025-06-03,Loan Issue,Escalated,45,BR1030
CMP900131,CUST103013,10/06/2020,Loan Issue,Open,39,BR1003
CMP900439,CUST102449,2019-06-21,Account Closure,Escalated,34,BR1010
CMP900029,CUST101933,05-Mar-2019,Loan Issue,Escalated,4,BR1026
CMP900298,CUST100784,15-Aug-2019,Customer Service,Resolved,11,BR1022
CMP900422,CUST101558,19/01/2019,Mis-selling,Resolved,45,BR1012
CMP900641,CUST103144,29-Apr-2023,Customer Service,Open,13,BR1007
CMP900350,CUST102817,2022-10-26,Customer Service,Escalated,2,BR1017
CMP900813,CUST101298,09-06-2025,Online Banking,Resolved,-10,BR1031
CMP900216,CUST100468,2020-04-27,Account Closure,In Progress,19,BR1031
CMP900132,CUST102365,2026-03-28,Mis-selling,Escalated,22,BR1003
CMP900643,CUST102294,22/04/2026,Fees & Charges,Resolved,2,BR1003
CMP900015,CUST102732,03-29-2023,Customer Service,Resolved,29,BR1025
CMP900160,CUST101855,05-Dec-2019,Fraud,Escalated,36,BR1005
CMP900854,CUST100385,2025-01-01,,Resolved,44,BR1012
CMP900660,CUST100740,24-Dec-2024,,Open,22,BR1005
CMP900735,CUST101613,25/04/2019,Account Closure,Escalated,37,BR1004
CMP900099,CUST100912,2025-10-23,Customer Service,Resolved,43,BR1012
CMP900511,CUST100967,17-Jul-2019,Fees & Charges,Escalated,34,BR1029
CMP900260,CUST100816,18-Jun-2025,Fees & Charges,Open,30,BR1012
CMP900688,CUST101413,2020-10-23,Online Banking,Escalated,33,BR1014
CMP900800,CUST101963,09.09.2021,Fees & Charges,In Progress,26,BR1029
CMP900512,CUST102030,01-15-2024,Online Banking,Open,26,BR1015
CMP900480,CUST100649,2024-01-11,Mis-selling,Escalated,44,BR1016
CMP900698,CUST101734,26.10.2024,Card Issue,In Progress,1,BR1017
CMP900908,CUST102916,2019-10-20,Mis-selling,Resolved,2,BR1009
CMP900672,CUST101831,10-Nov-2025,Fees & Charges,Open,30,BR1003
CMP900079,CUST101405,2026-09-23,Account Closure,In Progress,31,BR1000
CMP900549,CUST102259,21-May-2026,,Open,29,BR1027
CMP900589,CUST101521,11-12-2020,Fees & Charges,In Progress,26,BR1025
CMP900693,CUST101691,05-Dec-2022,Fraud,Open,16,BR1014
CMP900404,CUST102673,19-Apr-2024,Fraud,Resolved,-7,BR1009
CMP900705,CUST101214,10.10.2022,Card Issue,Escalated,37,BR1009
CMP900327,CUST101818,10-27-2021,,Escalated,45,BR1026
CMP900514,CUST103118,26.12.2022,Fees & Charges,Resolved,9,BR1025
CMP900321,CUST101850,06-17-2025,Mis-selling,Open,16,BR1021
CMP900031,CUST102207,2023-11-15,Account Closure,Open,41,BR1005
CMP900574,CUST100703,13.09.2025,Loan Issue,Escalated,33,BR1018
CMP900914,CUST100123,22.05.2021,Customer Service,Open,39,BR1028
CMP900080,CUST102897,2019-12-23,Customer Service,Escalated,11,BR1007
CMP900275,CUST101763,2025-08-23,Card Issue,Escalated,15,BR1017
CMP900533,CUST102329,23-Oct-2023,,Open,1,BR1002
CMP900506,CUST100961,2019-11-11,Fraud,Resolved,18,BR1009
CMP900362,CUST101885,01/08/2022,Card Issue,Resolved,4,BR1014
CMP900163,CUST100790,21/12/2020,Loan Issue,In Progress,27,BR1019
CMP900890,CUST100613,21-Jun-2025,Fraud,Resolved,7,BR1015
CMP900810,CUST100710,12-Jul-2023,Customer Service,Escalated,42,BR1001
CMP900203,CUST103135,24/04/2023,Customer Service,In Progress,37,BR1030
CMP900468,CUST100074,11-May-2020,Fees & Charges,Escalated,27,BR1013
CMP900351,CUST101678,15-Aug-2025,,In Progress,11,BR1002
CMP900778,CUST102682,16-Mar-2024,Fraud,Resolved,38,BR1023
CMP900575,CUST102270,04.12.2019,Fees & Charges,Escalated,22,BR1002
CMP900583,CUST100188,19/11/2026,Loan Issue,Resolved,6,BR1013
CMP900540,CUST102082,2026-07-23,Fraud,Resolved,-8,BR1010
CMP900400,CUST103142,04-Aug-2021,Fraud,Resolved,33,BR1027
CMP900880,CUST102083,2021-04-30,Card Issue,Escalated,11,BR1027
CMP900083,CUST103016,2024-08-14,Loan Issue,In Progress,36,BR1006
CMP900571,CUST101324,15.02.2026,Fraud,Resolved,31,BR1022
CMP900599,CUST103000,2024-04-11,Customer Service,Resolved,27,BR1031
CMP900065,CUST101487,06.09.2020,Account Closure,Open,27,BR1019
CMP900387,CUST101728,15-Dec-2019,Account Closure,Resolved,10,BR1017
CMP900072,CUST102795,17/06/2026,Loan Issue,Resolved,3,BR1021
CMP900300,CUST101728,10.03.2024,Fraud,In Progress,38,BR1018
CMP900322,CUST100127,09/02/2026,Loan Issue,In Progress,23,BR1025
CMP900429,CUST102856,2023-12-10,Card Issue,In Progress,13,BR1025
CMP900949,CUST101683,14.07.2024,Fraud,Escalated,34,BR1027
CMP900903,CUST101519,10-13-2024,Customer Service,Open,24,BR1014
CMP900347,CUST101750,01-25-2022,Fraud,Open,22,BR1000
CMP900695,CUST100870,03.11.2019,Account Closure,Open,31,BR1023
CMP900936,CUST101403,22/12/2024,Online Banking,Escalated,38,BR1003
CMP900419,CUST102927,30/12/2023,Fraud,Open,4,BR1021
CMP900550,CUST101522,07-May-2020,Loan Issue,In Progress,34,BR1014
CMP900363,CUST102635,14.06.2019,Mis-selling,In Progress,45,BR1007
CMP900069,CUST100911,06.08.2023,,Escalated,4,BR1000
CMP900858,CUST100474,12/05/2023,Account Closure,Open,45,BR1019
CMP900869,CUST101192,11-04-2024,Account Closure,Resolved,10,BR1009
CMP900444,CUST102883,2026-01-20,Mis-selling,Resolved,23,BR1030
CMP900484,CUST103088,27-Mar-2025,Account Closure,Resolved,9,BR1013
CMP900156,CUST101460,2021-04-14,Customer Service,In Progress,1,BR1023
CMP900258,CUST101767,06-06-2021,Mis-selling,Resolved,32,BR1019
CMP900541,CUST102872,30/07/2019,Customer Service,Escalated,24,BR1023
CMP900228,CUST101556,2022-05-05,Customer Service,Open,28,BR1030
CMP900272,CUST100920,01.10.2023,Customer Service,Resolved,43,BR1027
CMP900474,CUST100770,10.09.2024,Online Banking,In Progress,38,BR1012
CMP900608,CUST100114,23-Dec-2025,Customer Service,Open,12,BR1011
CMP900078,CUST100957,31/08/2019,Mis-selling,Escalated,21,BR1009
CMP900234,CUST100985,2025-01-10,Online Banking,Resolved,19,BR1005
CMP900722,CUST100091,03-07-2023,Loan Issue,In Progress,6,BR1022
CMP900465,CUST103029,12/04/2023,Card Issue,In Progress,24,BR1021
CMP900551,CUST100029,12-16-2021,Fraud,Resolved,2,BR1030
CMP900204,CUST101104,17/01/2019,Fees & Charges,Resolved,23,BR1015
CMP900144,CUST103029,01/11/2020,Card Issue,Resolved,20,BR1027
CMP900863,CUST102619,18.11.2019,Online Banking,In Progress,-4,BR1009
CMP900039,CUST102194,28.04.2019,Card Issue,Escalated,22,BR1021
CMP900844,CUST101682,2025-04-24,Card Issue,Resolved,16,BR1006
CMP900826,CUST101679,2026-02-14,Fraud,Escalated,39,BR1006
CMP900663,CUST101483,29-Nov-2019,Account Closure,Open,5,BR1008
CMP900067,CUST103126,29.05.2019,Account Closure,Resolved,26,BR1020
CMP900302,CUST101886,12-16-2021,Fraud,In Progress,5,BR1000
CMP900277,CUST101852,22/03/2022,Customer Service,Open,35,BR1004
CMP900237,CUST100317,2021-08-23,Online Banking,Resolved,43,BR1020
CMP900427,CUST101541,11-Jul-2022,Fraud,Open,45,BR1000
CMP900606,CUST102903,24-Jan-2026,Customer Service,Escalated,34,BR1004
CMP900024,CUST102638,06-12-2019,Fees & Charges,Escalated,29,BR1007
CMP900820,CUST102436,2024-08-19,Fees & Charges,Escalated,6,BR1028
CMP900781,CUST102450,26-Jul-2025,Customer Service,Escalated,27,BR1005
CMP900770,CUST100705,04-Nov-2026,Account Closure,Resolved,1,BR1008
CMP900767,CUST101008,20/09/2025,Customer Service,In Progress,6,BR1011
CMP900383,CUST102190,10-11-2021,Account Closure,Resolved,9,BR1014
CMP900396,CUST102188,06-25-2021,Loan Issue,Open,32,BR1031
CMP900750,CUST102380,16-Jul-2025,Loan Issue,Open,13,BR1010
CMP900749,CUST100095,22-Jan-2023,Mis-selling,Resolved,30,BR1024
CMP900909,CUST100250,19/12/2023,Fees & Charges,Resolved,-5,BR1003
CMP900651,CUST100690,13.10.2026,Card Issue,Resolved,5,BR1007
CMP900175,CUST102179,11-08-2022,Mis-selling,Open,24,BR1026
CMP900004,CUST102898,01-07-2023,Fees & Charges,Escalated,3,BR1004
CMP900137,CUST101340,12-05-2021,Online Banking,In Progress,42,BR1022
CMP900206,CUST100827,08-19-2024,Fees & Charges,In Progress,38,BR1030
CMP900878,CUST102448,12/05/2021,Card Issue,Open,42,BR1023
CMP900301,CUST102303,08-Oct-2025,Card Issue,Escalated,-10,BR1020
CMP900309,CUST100673,21-Sep-2021,Fraud,In Progress,13,BR1019
CMP900036,CUST102756,23.05.2020,,In Progress,35,BR1026
CMP900092,CUST101501,13-Oct-2025,Fees & Charges,Resolved,34,BR1014
CMP900129,CUST102051,2026-11-29,Loan Issue,In Progress,-6,BR1025
CMP900545,CUST102477,14.06.2024,Fraud,Open,13,BR1000
CMP900279,CUST102211,08-12-2021,Card Issue,In Progress,41,BR1019
CMP900824,CUST102778,2024-08-19,Account Closure,Open,13,BR1005
CMP900648,CUST100468,02/07/2021,Mis-selling,In Progress,16,BR1027
CMP900366,CUST101624,05-Mar-2019,Loan Issue,Resolved,5,BR1021
CMP900509,CUST100647,11-29-2021,Fraud,Open,24,BR1016
CMP900502,CUST101528,12/12/2025,Loan Issue,Escalated,44,BR1001
CMP900346,CUST100454,08-10-2026,Mis-selling,Resolved,16,BR1003
CMP900586,CUST103129,07-May-2019,Fraud,In Progress,25,BR1017
CMP900581,CUST101715,2021-12-25,Loan Issue,In Progress,44,BR1026
CMP900020,CUST100887,23/08/2026,Loan Issue,Escalated,29,BR1024
CMP900508,CUST100874,12-20-2020,Loan Issue,Escalated,1,BR1024
CMP900220,CUST101605,01.03.2022,Mis-selling,Open,24,BR1010
CMP900458,CUST103001,03-Oct-2026,Online Banking,In Progress,10,BR1013
CMP900179,CUST102526,2021-07-24,Customer Service,Escalated,23,BR1022
CMP900283,CUST101849,04-07-2020,Account Closure,Open,35,BR1024
CMP900201,CUST102455,03.09.2019,Loan Issue,Escalated,22,BR1021
CMP900235,CUST101971,03-Jun-2023,Mis-selling,In Progress,45,BR1002
CMP900287,CUST101672,21/08/2025,,Escalated,9,BR1012
CMP900313,CUST102906,19-Mar-2019,,Open,36,BR1021
CMP900097,CUST100205,12/11/2026,Card Issue,Escalated,15,BR1023
CMP900045,CUST100483,2021-11-11,,In Progress,38,BR1005
CMP900611,CUST101366,04-26-2023,Online Banking,Resolved,43,BR1018
CMP900807,CUST102138,26-Aug-2025,,Open,18,BR1020
CMP900082,CUST102595,08-14-2025,Online Banking,Open,17,BR1012
CMP900522,CUST103063,2022-06-03,,In Progress,17,BR1016
CMP900296,CUST101520,2021-03-21,Customer Service,Escalated,5,BR1026
CMP900222,CUST100614,04-Dec-2019,Account Closure,Escalated,10,BR1023
CMP900134,CUST100695,02-19-2021,Fraud,Escalated,11,BR1019
CMP900423,CUST101829,30-Jul-2019,Loan Issue,Resolved,7,BR1017
CMP900614,CUST101832,2019-11-14,Loan Issue,Escalated,5,BR1015
CMP900518,CUST101526,02-Jul-2022,Fraud,Resolved,27,BR1014
CMP900720,CUST100734,26.11.2023,Card Issue,Escalated,40,BR1014
CMP900817,CUST100939,26/04/2020,Online Banking,In Progress,21,BR1025
CMP900647,CUST100660,11-30-2023,,Open,10,BR1009
CMP900840,CUST100842,2019-08-18,Fraud,In Progress,22,BR1008
CMP900563,CUST101117,07/07/2020,Loan Issue,In Progress,40,BR1014
CMP900504,CUST100895,01/12/2020,Fees & Charges,Escalated,8,BR1006
CMP900621,CUST103146,08-26-2019,Fraud,Open,13,BR1005
CMP900248,CUST101797,12-20-2022,Customer Service,In Progress,32,BR1022
CMP900385,CUST101095,2025-05-05,Account Closure,In Progress,7,BR1018
CMP900501,CUST100351,22.08.2024,,Open,28,BR1019
CMP900534,CUST100131,06.07.2024,Loan Issue,Escalated,23,BR1024
CMP900624,CUST101376,08-30-2021,Account Closure,In Progress,19,BR1015
CMP900860,CUST103078,2026-03-13,,Resolved,16,BR1014
CMP900625,CUST100747,22-Jul-2019,Account Closure,Open,36,BR1017
CMP900677,CUST100109,28/09/2023,Customer Service,Resolved,35,BR1026
CMP900565,CUST102552,2022-04-16,Card Issue,In Progress,27,BR1020
CMP900410,CUST101255,06-08-2026,Account Closure,Resolved,4,BR1024
CMP900485,CUST101740,11/07/2024,Fraud,Open,43,BR1015
CMP900143,CUST102274,11-12-2025,Fees & Charges,Resolved,-7,BR1017
CMP900616,CUST101227,05-05-2021,Card Issue,Open,23,BR1010
CMP900348,CUST100588,10-24-2025,Mis-selling,Escalated,23,BR1003
CMP900926,CUST101182,21.02.2019,Card Issue,In Progress,41,BR1027
CMP900780,CUST101430,2026-03-26,Online Banking,Resolved,34,BR1026
CMP900103,CUST101530,2023-10-05,Fraud,Open,2,BR1028
CMP900714,CUST102555,26/12/2025,Fees & Charges,Open,22,BR1006
CMP900649,CUST100970,10-21-2021,Loan Issue,Escalated,15,BR1021
CMP900446,CUST101628,10.02.2026,Fraud,Resolved,10,BR1016
CMP900177,CUST101559,15/05/2024,Fraud,Escalated,-8,BR1005
CMP900827,CUST103137,07-14-2026,Fraud,Open,11,BR1022
CMP900934,CUST101911,2022-03-05,Online Banking,In Progress,25,BR1014
CMP900538,CUST101699,28/01/2024,Card Issue,In Progress,3,BR1000
CMP900109,CUST101325,10.12.2023,Mis-selling,Escalated,45,BR1015
CMP900373,CUST103018,2020-08-30,,Resolved,12,BR1004
CMP900140,CUST100066,10.06.2022,Card Issue,Open,19,BR1001
CMP900212,CUST102301,18/05/2020,Fraud,Resolved,11,BR1010
CMP900174,CUST102049,04-24-2022,Online Banking,Open,26,BR1017
CMP900060,CUST101449,24.03.2025,Card Issue,In Progress,19,BR1005
CMP900689,CUST101025,16/04/2021,Loan Issue,In Progress,41,BR1003
CMP900754,CUST101226,25/07/2020,Loan Issue,Escalated,27,BR1030
CMP900481,CUST101803,20/11/2019,Fees & Charges,Resolved,9,BR1000
CMP900831,CUST100386,23/05/2023,Customer Service,Open,26,BR1029
CMP900112,CUST100588,17.05.2023,,Resolved,38,BR1019
CMP900694,CUST100760,07/04/2024,Customer Service,Open,7,BR1026
CMP900056,CUST101308,2020-08-01,Card Issue,Resolved,40,BR1012
CMP900557,CUST102282,06-Dec-2020,Online Banking,Resolved,16,BR1017
CMP900154,CUST101473,02.03.2023,Customer Service,In Progress,18,BR1029
CMP900192,CUST100664,30.11.2023,Account Closure,Escalated,9,BR1027
CMP900354,CUST100809,02.02.2023,Loan Issue,Open,14,BR1023
CMP900055,CUST101540,23-Apr-2021,Account Closure,Open,38,BR1027
CMP900674,CUST101485,2024-05-01,Fraud,Escalated,8,BR1009
CMP900775,CUST102102,24/05/2022,Customer Service,Escalated,7,BR1023
CMP900510,CUST101592,07/12/2019,Fraud,Escalated,43,BR1020
CMP900503,CUST103114,11-Feb-2023,Mis-selling,Open,32,BR1031
CMP900684,CUST102152,01/10/2024,Card Issue,In Progress,8,BR1015
CMP900311,CUST100791,06-10-2021,Account Closure,Escalated,45,BR1000
CMP900566,CUST100117,23/04/2020,Card Issue,Resolved,1,BR1004
CMP900135,CUST101608,26.03.2019,Loan Issue,Resolved,37,BR1011
CMP900010,CUST102621,03.11.2020,Mis-selling,Open,7,BR1006
CMP900867,CUST102968,05-Apr-2024,Card Issue,In Progress,19,BR1014
CMP900895,CUST101653,27/11/2020,,Resolved,21,BR1016
CMP900281,CUST102006,2019-12-26,Account Closure,Escalated,38,BR1007
CMP900364,CUST101913,2023-07-12,,Resolved,2,BR1018
CMP900276,CUST102801,2019-08-26,Loan Issue,Open,40,BR1029
CMP900655,CUST101846,29-Aug-2026,Fraud,In Progress,21,BR1026
CMP900491,CUST102923,2025-08-19,Mis-selling,Escalated,19,BR1026
CMP900555,CUST102627,04-11-2020,Loan Issue,In Progress,-6,BR1029
CMP900104,CUST103022,30.05.2023,Card Issue,Escalated,8,BR1001
CMP900573,CUST100843,30/04/2023,Fees & Charges,Open,11,BR1004
CMP900124,CUST102308,04/02/2020,Fraud,Resolved,13,BR1027
CMP900339,CUST102915,11/01/2023,Fees & Charges,Escalated,29,BR1000
CMP900372,CUST103028,24.05.2023,Online Banking,Escalated,11,BR1013
CMP900022,CUST101331,2022-12-26,Loan Issue,Open,2,BR1028
CMP900032,CUST100384,30/05/2024,Online Banking,In Progress,34,BR1015
CMP900084,CUST100909,17-Jul-2022,Fraud,Resolved,-8,BR1014
CMP900618,CUST100100,2021-02-09,,In Progress,5,BR1009
CMP900019,CUST103083,12-29-2024,Loan Issue,Open,25,BR1026
CMP900747,CUST101042,26/02/2023,Mis-selling,Resolved,35,BR1031
CMP900406,CUST101439,2024-11-03,Online Banking,Escalated,15,BR1023
CMP900285,CUST101647,11-20-2026,Account Closure,Resolved,9,BR1007
CMP900252,CUST102546,14.04.2019,Account Closure,In Progress,6,BR1012
CMP900111,CUST102014,22.05.2021,Mis-selling,Open,35,BR1030
CMP900197,CUST102596,02-03-2025,Fees & Charges,Resolved,26,BR1022
CMP900040,CUST101099,2022-09-30,Fees & Charges,In Progress,30,BR1001
CMP900267,CUST103123,29-Apr-2022,Loan Issue,Resolved,-9,BR1020
CMP900100,CUST100936,24.12.2022,Fraud,Escalated,43,BR1004
CMP900604,CUST100704,26-Jul-2022,Fraud,In Progress,40,BR1023
CMP900009,CUST100398,05-16-2024,Online Banking,Resolved,29,BR1021
CMP900167,CUST100823,2022-01-01,Card Issue,Resolved,27,BR1031
CMP900131,CUST103013,10/06/2020,Loan Issue,Open,39,BR1003
CMP900086,CUST101095,02/05/2022,Mis-selling,Open,11,BR1029
CMP900945,CUST100794,07-Dec-2019,Fees & Charges,Resolved,3,BR1017
CMP900547,CUST100913,06/09/2019,Fees & Charges,Escalated,30,BR1020
CMP900030,CUST101575,07-26-2021,Customer Service,Resolved,9,BR1012
CMP900645,CUST102338,17-Dec-2019,Card Issue,Open,40,BR1021
CMP900278,CUST103024,2019-11-25,,Open,43,BR1024
CMP900209,CUST103091,18-Mar-2022,Mis-selling,Open,38,BR1018
CMP900053,CUST100792,10-14-2020,Loan Issue,In Progress,10,BR1001
CMP900653,CUST100748,02.08.2022,Fraud,Resolved,25,BR1022
CMP900221,CUST101466,2024-10-06,,Resolved,11,BR1006
CMP900247,CUST100467,01-05-2023,Account Closure,Resolved,34,BR1026
CMP900441,CUST100776,05.11.2021,Online Banking,In Progress,6,BR1000
CMP900560,CUST100917,13-Feb-2024,Account Closure,Open,38,BR1013
CMP900244,CUST102104,23-Nov-2025,Customer Service,Escalated,40,BR1030
CMP900374,CUST101585,14/12/2026,Fees & Charges,Resolved,28,BR1018
CMP900011,CUST101329,04/10/2022,,Open,31,BR1030
CMP900855,CUST100011,04-Sep-2024,,Escalated,23,BR1029
CMP900687,CUST102458,12-14-2026,Mis-selling,In Progress,12,BR1015
CMP900320,CUST101619,08/10/2023,Loan Issue,Open,21,BR1006
CMP900397,CUST100367,2022-09-10,Customer Service,Resolved,20,BR1001
CMP900190,CUST101267,08-28-2021,Customer Service,Resolved,41,BR1011
CMP900376,CUST101026,04-03-2023,Fraud,Resolved,31,BR1006
CMP900819,CUST102730,2024-08-13,Loan Issue,Escalated,45,BR1018
CMP900325,CUST100167,19-Jul-2022,Online Banking,Escalated,4,BR1003
CMP900306,CUST101629,30-Oct-2024,Card Issue,Escalated,23,BR1008
CMP900835,CUST102341,21-Oct-2026,,Escalated,6,BR1015
CMP900748,CUST101113,28/09/2023,Mis-selling,In Progress,23,BR1027
CMP900442,CUST100667,29-Nov-2026,Customer Service,In Progress,32,BR1012
CMP900527,CUST102352,27/01/2025,Card Issue,In Progress,35,BR1024
CMP900899,CUST102789,19/02/2026,Customer Service,Resolved,35,BR1024
CMP900013,CUST100392,23/02/2021,Online Banking,Escalated,42,BR1014
CMP900809,CUST102476,2019-03-09,Online Banking,Open,8,BR1001
CMP900935,CUST100538,30-Apr-2022,Customer Service,In Progress,36,BR1019
CMP900293,CUST102512,20/05/2020,Online Banking,Escalated,18,BR1003
CMP900191,CUST101826,2020-09-18,Fees & Charges,Escalated,29,BR1000
CMP900159,CUST101738,02-Oct-2022,Fraud,In Progress,23,BR1015
CMP900158,CUST101216,2026-11-26,Fees & Charges,Escalated,8,BR1005
CMP900227,CUST100437,14.05.2021,Card Issue,Escalated,3,BR1014
CMP900139,CUST100734,19/11/2019,,Open,17,BR1028
CMP900398,CUST101265,2024-12-30,,In Progress,35,BR1016
CMP900531,CUST100765,04.03.2025,Account Closure,Escalated,41,BR1025
CMP900833,CUST101961,2022-06-30,Fees & Charges,Escalated,11,BR1006
CMP900662,CUST102752,20.06.2020,Account Closure,Open,30,BR1008
CMP900330,CUST101680,26/06/2024,Mis-selling,Resolved,20,BR1013
CMP900699,CUST103148,25.11.2022,,Resolved,7,BR1005
CMP900941,CUST102942,24/10/2019,Fraud,Resolved,27,BR1007
CMP900576,CUST102529,13.05.2024,Account Closure,Escalated,27,BR1011
CMP900157,CUST100538,16/06/2021,Customer Service,Open,35,BR1018
CMP900479,CUST101221,09.07.2025,Online Banking,Open,16,BR1017
CMP900417,CUST102305,10-05-2024,Account Closure,Open,38,BR1002
CMP900591,CUST100644,10-26-2026,Fraud,In Progress,4,BR1025
CMP900922,CUST101363,07-04-2020,Mis-selling,In Progress,39,BR1018
CMP900219,CUST100440,10-13-2026,Card Issue,Open,6,BR1026
CMP900452,CUST100769,16.12.2021,Mis-selling,Escalated,17,BR1010
CMP900183,CUST102003,08/09/2026,Customer Service,Open,-9,BR1014
CMP900679,CUST100953,2020-11-09,Fees & Charges,Open,8,BR1013
CMP900391,CUST102166,05-06-2019,,Open,36,BR1029
CMP900868,CUST101138,21-Nov-2023,Mis-selling,Resolved,23,BR1006
CMP900066,CUST101697,31-Jan-2024,Online Banking,In Progress,26,BR1002
CMP900487,CUST102421,2024-04-19,Fraud,In Progress,31,BR1030
CMP900486,CUST102268,21.09.2019,,Resolved,13,BR1003
CMP900610,CUST101313,04-06-2026,Online Banking,Resolved,42,BR1010
CMP900637,CUST102743,17.11.2024,Fraud,Resolved,39,BR1003
CMP900271,CUST101638,06-20-2019,Card Issue,Escalated,1,BR1028
CMP900664,CUST100837,11-Jun-2026,Account Closure,In Progress,14,BR1011
CMP900723,CUST101890,06/09/2026,Card Issue,In Progress,3,BR1016
CMP900377,CUST102984,12.03.2020,Card Issue,Escalated,41,BR1000
CMP900673,CUST100331,2025-01-31,Loan Issue,Escalated,6,BR1001
CMP900218,CUST102172,10.10.2020,Mis-selling,Open,12,BR1028
CMP900782,CUST101541,02.01.2020,Account Closure,In Progress,39,BR1031
CMP900542,CUST101549,2026-04-23,Loan Issue,Open,18,BR1005
CMP900732,CUST101988,28/06/2023,Fraud,Resolved,37,BR1017
CMP900812,CUST102076,10/11/2022,Loan Issue,Resolved,22,BR1024
CMP900379,CUST100574,01/08/2025,Mis-selling,In Progress,32,BR1009
CMP900525,CUST100108,2024-11-07,Mis-selling,Resolved,7,BR1013
CMP900037,CUST101705,21.05.2026,Online Banking,Resolved,-1,BR1019
CMP900777,CUST102623,2022-09-22,Customer Service,Resolved,34,BR1010
CMP900150,CUST100667,25/05/2020,Online Banking,Resolved,-9,BR1014
CMP900562,CUST100387,2020-07-25,Fraud,Escalated,30,BR1020
CMP900743,CUST100799,14/07/2019,Card Issue,Resolved,-2,BR1007
CMP900230,CUST100380,01-23-2019,Card Issue,Resolved,3,BR1021
CMP900412,CUST102560,10/06/2022,Customer Service,Open,27,BR1020
CMP900499,CUST101960,09-Aug-2021,Customer Service,Resolved,18,BR1020
CMP900169,CUST102000,25-Feb-2022,Customer Service,In Progress,18,BR1024
CMP900907,CUST103140,07/09/2025,Account Closure,Escalated,9,BR1016
CMP900337,CUST101910,06-23-2024,Account Closure,In Progress,44,BR1013
CMP900266,CUST100792,07.11.2019,Mis-selling,Open,34,BR1030
CMP900803,CUST102525,18-Jan-2019,Customer Service,Escalated,10,BR1021
CMP900384,CUST102772,11/09/2024,Customer Service,Resolved,21,BR1000
CMP900257,CUST102730,2023-02-26,Loan Issue,Resolved,24,BR1015
CMP900416,CUST102067,04.06.2026,Online Banking,Escalated,29,BR1001
CMP900217,CUST101226,08-Jul-2026,Customer Service,Open,45,BR1022
CMP900361,CUST101495,02-04-2019,Fees & Charges,In Progress,4,BR1026
CMP900784,CUST102487,07-Sep-2024,Fraud,Open,41,BR1024
CMP900114,CUST101205,08-18-2023,,In Progress,6,BR1030
CMP900123,CUST100684,14/03/2019,Mis-selling,In Progress,39,BR1013
CMP900108,CUST100198,01-16-2023,Fraud,Escalated,3,BR1005
CMP900012,CUST101937,09-16-2025,Customer Service,In Progress,9,BR1017
CMP900588,CUST103116,24-Jan-2025,Customer Service,Escalated,9,BR1026
CMP900081,CUST101650,05/05/2022,Online Banking,In Progress,14,BR1001
CMP900633,CUST102818,08-10-2023,,In Progress,14,BR1007
CMP900740,CUST100159,30-Apr-2019,Fees & Charges,Open,45,BR1001
CMP900008,CUST102955,2020-07-01,Fees & Charges,Open,4,BR1018
CMP900724,CUST101745,03-18-2022,Fees & Charges,Resolved,23,BR1002
CMP900642,CUST101720,02.06.2023,Mis-selling,Open,43,BR1002
CMP900357,CUST102292,18.05.2021,Customer Service,Escalated,2,BR1013
CMP900881,CUST102099,10-11-2025,Card Issue,Resolved,38,BR1008
CMP900048,CUST100021,02-28-2022,Card Issue,Open,11,BR1002
CMP900044,CUST100293,02-19-2023,Customer Service,Escalated,38,BR1025
CMP900764,CUST102822,30-Nov-2022,Card Issue,In Progress,22,BR1012
CMP900151,CUST101332,21.04.2019,Customer Service,Open,6,BR1021
CMP900466,CUST100669,2023-04-04,,Open,39,BR1019
CMP900932,CUST102527,05-21-2020,Fees & Charges,Open,-7,BR1006
CMP900685,CUST102780,12-18-2023,Mis-selling,In Progress,44,BR1011
CMP900753,CUST100388,01-Nov-2026,Customer Service,Resolved,44,BR1021
CMP900704,CUST102419,22-Dec-2019,Account Closure,In Progress,14,BR1010
CMP900845,CUST100312,04-May-2023,Loan Issue,Escalated,-3,BR1016
CMP900832,CUST102952,2023-04-26,Loan Issue,Open,8,BR1005
CMP900825,CUST101525,15/07/2019,Customer Service,Escalated,10,BR1027
CMP900706,CUST103107,06-22-2024,Customer Service,Open,40,BR1017
CMP900828,CUST100835,22.11.2020,Customer Service,Open,42,BR1016
CMP900068,CUST101564,30.05.2025,Customer Service,Open,21,BR1031
CMP900063,CUST102745,2021-07-11,Loan Issue,Open,13,BR1022
CMP900172,CUST101264,07.01.2019,Customer Service,Resolved,16,BR1021
CMP900126,CUST100345,12-09-2022,Card Issue,Escalated,9,BR1011
CMP900335,CUST101200,25-Feb-2023,Loan Issue,Open,41,BR1005
CMP900476,CUST100865,30/04/2023,Customer Service,Resolved,17,BR1018
CMP900003,CUST100364,26-Oct-2026,Mis-selling,Open,13,BR1004
CMP900745,CUST102749,22-Apr-2021,Fraud,Resolved,31,BR1020
CMP900194,CUST102135,19-Feb-2022,Mis-selling,Open,17,BR1022
CMP900759,CUST102139,2025-11-16,Customer Service,Escalated,32,BR1007
CMP900196,CUST100515,13.01.2025,Account Closure,In Progress,39,BR1029
CMP900888,CUST100507,27/08/2023,Account Closure,In Progress,32,BR1013
CMP900607,CUST102387,28-May-2022,,Escalated,12,BR1001
CMP900433,CUST100700,01-Aug-2021,Fraud,Resolved,9,BR1024
CMP900338,CUST102201,08-26-2022,Fraud,Open,-2,BR1003
CMP900470,CUST102530,2024-09-18,Loan Issue,In Progress,44,BR1006
CMP900823,CUST101442,03-16-2023,Account Closure,Open,13,BR1026
CMP900802,CUST102702,12-29-2026,Mis-selling,In Progress,13,BR1030
CMP900582,CUST101338,08-18-2022,Customer Service,Escalated,27,BR1026
CMP900343,CUST100549,05-13-2023,Loan Issue,Escalated,33,BR1025
CMP900806,CUST100062,24/02/2019,Customer Service,Open,11,BR1024
CMP900181,CUST100108,07-Oct-2026,Loan Issue,Resolved,31,BR1031
CMP900075,CUST100509,21.06.2019,Fraud,Resolved,39,BR1028
CMP900210,CUST100401,30.04.2026,Account Closure,Resolved,40,BR1024
CMP900405,CUST102854,04-Jan-2022,,In Progress,9,BR1017
CMP900900,CUST101241,2023-03-31,Fraud,Escalated,28,BR1008
CMP900025,CUST102690,15.10.2024,Mis-selling,In Progress,5,BR1018
CMP900139,CUST100734,19/11/2019,,Open,17,BR1028
CMP900182,CUST100268,15.05.2025,Loan Issue,Open,11,BR1002
CMP900118,CUST103091,08-12-2023,Customer Service,Escalated,37,BR1030
CMP900349,CUST101610,27.10.2019,Online Banking,In Progress,-5,BR1015
CMP900539,CUST100897,15-Sep-2023,Account Closure,Open,17,BR1017
CMP900690,CUST100443,2021-06-02,,Escalated,12,BR1027
CMP900319,CUST100810,09-13-2021,Account Closure,In Progress,34,BR1020
CMP900741,CUST100384,08-09-2024,Fraud,Escalated,31,BR1016
CMP900524,CUST100086,20-Nov-2026,Online Banking,Resolved,44,BR1022
CMP900199,CUST102950,18/09/2023,Fees & Charges,Open,11,BR1015
CMP900408,CUST100302,2024-06-13,Customer Service,Resolved,10,BR1025
CMP900886,CUST101287,08-Mar-2019,Mis-selling,Open,21,BR1019
CMP900640,CUST101472,22.12.2026,Card Issue,In Progress,24,BR1005
CMP900528,CUST100175,29-Jan-2026,,Resolved,9,BR1013
CMP900849,CUST102310,12-07-2023,Mis-selling,In Progress,40,BR1006
CMP900148,CUST102881,25.07.2026,,Resolved,25,BR1019
CMP900238,CUST101045,09-30-2019,Mis-selling,Resolved,39,BR1025
CMP900284,CUST102856,24/03/2026,Account Closure,In Progress,27,BR1005
CMP900609,CUST102956,06/10/2021,Fraud,Open,22,BR1021
CMP900710,CUST100597,06.06.2025,Customer Service,Resolved,23,BR1007
CMP900173,CUST101781,05-29-2022,Fees & Charges,In Progress,44,BR1008
CMP900353,CUST101001,12-16-2019,Account Closure,Open,42,BR1017
CMP900829,CUST102504,06-Jul-2020,Account Closure,Escalated,42,BR1024
CMP900133,CUST101556,19/09/2019,Fees & Charges,Resolved,-2,BR1016
CMP900789,CUST101009,2021-01-20,Loan Issue,Resolved,41,BR1020
CMP900708,CUST101511,2020-11-11,Card Issue,Escalated,22,BR1020
CMP900595,CUST100577,11-30-2023,Account Closure,Open,36,BR1029
CMP900341,CUST101146,03-30-2022,Fraud,In Progress,42,BR1023
CMP900050,CUST102614,15.06.2026,Customer Service,Escalated,21,BR1013
CMP900686,CUST101912,2025-09-21,Fraud,In Progress,16,BR1014
CMP900821,CUST100472,04/09/2026,Customer Service,Escalated,21,BR1025
CMP900644,CUST100079,2022-11-27,Fraud,In Progress,11,BR1027
CMP900842,CUST102504,15-Apr-2025,Fraud,Open,14,BR1005
CMP900211,CUST101697,2019-08-29,Customer Service,In Progress,39,BR1022
CMP900921,CUST102686,11-06-2021,Customer Service,In Progress,28,BR1024
CMP900196,CUST100515,13.01.2025,Account Closure,In Progress,39,BR1029
CMP900535,CUST100690,15/07/2019,Account Closure,Open,30,BR1011
CMP900808,CUST101825,27.03.2019,Card Issue,Resolved,18,BR1005
CMP900733,CUST101839,09-05-2021,Fees & Charges,Open,-3,BR1018
CMP900626,CUST100499,2022-12-31,Fraud,In Progress,36,BR1022
CMP900652,CUST102351,19.10.2020,Customer Service,Open,25,BR1019
CMP900018,CUST100189,25-Jul-2020,Account Closure,Escalated,20,BR1000
CMP900290,CUST101313,12-Apr-2019,Fees & Charges,Resolved,26,BR1011
CMP900556,CUST102560,09-13-2019,Card Issue,Escalated,37,BR1018
CMP900590,CUST101183,02-28-2022,Fees & Charges,Open,42,BR1009
CMP900027,CUST102565,13-Dec-2023,Customer Service,Open,22,BR1023
CMP900852,CUST101279,01-May-2024,Fees & Charges,Resolved,36,BR1001
CMP900142,CUST101767,22/01/2023,,In Progress,28,BR1023
CMP900043,CUST100488,09-09-2026,Loan Issue,Escalated,33,BR1026
CMP900007,CUST102808,05/06/2024,Card Issue,Escalated,27,BR1017
CMP900241,CUST101590,28.04.2023,Fraud,Open,21,BR1000
CMP900531,CUST100765,04.03.2025,Account Closure,Escalated,41,BR1025
CMP900523,CUST102869,13.03.2019,Customer Service,Resolved,19,BR1000
CMP900403,CUST102141,17/06/2019,Mis-selling,Resolved,26,BR1007
CMP900002,CUST100625,26.10.2023,Account Closure,In Progress,2,BR1005
CMP900798,CUST101528,12-Feb-2021,Fees & Charges,Escalated,7,BR1014
CMP900773,CUST100397,2020-04-27,Mis-selling,Resolved,1,BR1026
CMP900394,CUST100562,06-18-2019,Fraud,In Progress,44,BR1017
CMP900340,CUST102763,07-Sep-2026,Card Issue,Escalated,34,BR1020
CMP900026,CUST102362,2020-01-13,Account Closure,Open,22,BR1002
CMP900254,CUST102016,22-Jan-2024,Customer Service,In Progress,17,BR1026
CMP900577,CUST100982,08-Sep-2024,Online Banking,Open,38,BR1009
CMP900942,CUST101765,09-05-2020,Online Banking,Open,24,BR1007
CMP900261,CUST101272,11-Aug-2020,Fees & Charges,Resolved,32,BR1023
CMP900390,CUST101139,2022-01-20,Card Issue,Escalated,6,BR1031
CMP900667,CUST100084,27-Jun-2020,Online Banking,Escalated,4,BR1031
CMP900049,CUST100429,14/07/2022,Card Issue,Open,1,BR1012
CMP900851,CUST100911,11/09/2021,Online Banking,Open,10,BR1016
CMP900463,CUST100337,10-Apr-2026,Online Banking,In Progress,7,BR1000
CMP900627,CUST101186,31.03.2021,Fraud,Resolved,2,BR1022
CMP900657,CUST102539,11/12/2025,Mis-selling,Open,30,BR1022
CMP900558,CUST100930,19/04/2025,Fraud,Escalated,25,BR1005
CMP900342,CUST100604,01-Oct-2019,Mis-selling,In Progress,18,BR1002
CMP900875,CUST101726,29-Sep-2019,Customer Service,In Progress,7,BR1004
CMP900779,CUST101769,2022-04-30,Fees & Charges,Resolved,31,BR1001
CMP900375,CUST102254,22/02/2024,Customer Service,Open,9,BR1000
CMP900751,CUST100572,11-30-2025,Online Banking,Open,38,BR1013
CMP900671,CUST103140,12-07-2024,Account Closure,In Progress,4,BR1029
CMP900418,CUST103136,12-27-2026,Card Issue,Open,39,BR1018
CMP900145,CUST101495,08.08.2022,Loan Issue,Escalated,11,BR1019
CMP900415,CUST102337,10-05-2022,Account Closure,Open,33,BR1012
CMP900919,CUST102166,20.06.2025,,Open,25,BR1006
CMP900189,CUST101294,18-Oct-2019,Fees & Charges,Open,33,BR1018
CMP900752,CUST101182,21-Jun-2021,Fraud,Resolved,42,BR1001
CMP900233,CUST100875,06.04.2026,Loan Issue,Open,32,BR1029
CMP900585,CUST100830,2025-12-26,Fees & Charges,Escalated,14,BR1005
CMP900456,CUST100866,06-Jun-2021,Customer Service,Resolved,23,BR1024
CMP900532,CUST101625,11/08/2020,Fees & Charges,Open,41,BR1023
CMP900028,CUST101328,16.04.2022,Fraud,Escalated,4,BR1021
CMP900360,CUST100686,14/10/2025,Card Issue,In Progress,42,BR1004
CMP900933,CUST100270,21.06.2026,,Escalated,3,BR1030
CMP900438,CUST101858,17/02/2025,,In Progress,14,BR1017
CMP900153,CUST100331,2020-10-22,Mis-selling,Open,17,BR1000
CMP900544,CUST102953,22-May-2020,Fees & Charges,Resolved,35,BR1006
CMP900569,CUST100989,2024-12-26,Card Issue,In Progress,16,BR1029
CMP900762,CUST103068,25/11/2024,Card Issue,Resolved,9,BR1019
CMP900883,CUST102815,2024-11-20,Online Banking,Resolved,16,BR1010
CMP900455,CUST103059,10-30-2022,Customer Service,Resolved,31,BR1021
CMP900891,CUST100311,14.08.2022,Fraud,Escalated,8,BR1029
CMP900421,CUST100918,2020-08-10,Customer Service,Open,3,BR1022
CMP900232,CUST101412,03-Mar-2025,Account Closure,Resolved,28,BR1003
CMP900843,CUST101497,31/05/2026,Fees & Charges,Resolved,37,BR1008
CMP900731,CUST100879,23.09.2025,Fees & Charges,Resolved,19,BR1011
CMP900017,CUST102214,02-25-2021,Loan Issue,In Progress,32,BR1019
CMP900500,CUST101857,27-Dec-2023,Account Closure,Resolved,41,BR1002
CMP900594,CUST101958,10/08/2021,Card Issue,Escalated,27,BR1003
CMP900632,CUST100635,09/06/2020,,In Progress,23,BR1023
CMP900052,CUST102686,09-29-2020,Loan Issue,Escalated,13,BR1005
CMP900682,CUST101165,18/03/2020,,Escalated,45,BR1025
CMP900630,CUST102444,2024-10-08,Fraud,Resolved,1,BR1004
CMP900462,CUST102500,14-Oct-2021,Customer Service,Escalated,22,BR1024
CMP900334,CUST100204,2020-08-25,Online Banking,In Progress,42,BR1023
CMP900570,CUST101827,12.01.2024,Fees & Charges,Resolved,34,BR1026
CMP900619,CUST101122,04-10-2026,,Open,29,BR1021
CMP900242,CUST100519,24/06/2021,Card Issue,Resolved,19,BR1010
CMP900659,CUST102917,2021-12-07,Fraud,Escalated,-4,BR1029
CMP900859,CUST102252,04.09.2019,Account Closure,In Progress,21,BR1004
CMP900326,CUST101530,2019-07-18,Fraud,Open,20,BR1018
CMP900152,CUST102425,02-Jan-2026,Mis-selling,Escalated,20,BR1017
CMP900067,CUST103126,29.05.2019,Account Closure,Resolved,26,BR1020
CMP900096,CUST102098,17.07.2025,Card Issue,Escalated,23,BR1008
CMP900772,CUST103117,09-06-2023,Fees & Charges,Open,38,BR1000
CMP900005,CUST100822,2025-04-12,Mis-selling,In Progress,39,BR1023
CMP900946,CUST102557,11.03.2020,Fraud,Escalated,24,BR1024
CMP900822,CUST102127,06-21-2026,Customer Service,Open,16,BR1006
CMP900665,CUST100137,19/09/2023,Fraud,Open,23,BR1018
CMP900269,CUST100059,23/01/2019,Fraud,Open,9,BR1011
CMP900041,CUST100473,03.04.2022,Mis-selling,In Progress,7,BR1027
CMP900578,CUST101192,08/07/2024,Online Banking,Open,45,BR1004
CMP900038,CUST101874,08-19-2022,Mis-selling,Escalated,4,BR1003
CMP900461,CUST101416,27-Jul-2025,Mis-selling,Open,7,BR1011
CMP900270,CUST103011,2026-06-12,Customer Service,Resolved,-6,BR1027
CMP900520,CUST100487,08-Sep-2022,Mis-selling,Resolved,11,BR1011
CMP900718,CUST101622,12-11-2026,Account Closure,Escalated,27,BR1019
CMP900725,CUST100631,03-28-2019,Card Issue,Escalated,32,BR1007
CMP900467,CUST102114,06-Aug-2026,Mis-selling,In Progress,16,BR1020
CMP900490,CUST100747,20.03.2019,Account Closure,Open,18,BR1010
CMP900467,CUST102114,06-Aug-2026,Mis-selling,In Progress,16,BR1020
CMP900661,CUST100823,2026-11-02,Fees & Charges,Open,16,BR1029
CMP900178,CUST101255,08-12-2022,Mis-selling,In Progress,36,BR1003
CMP900495,CUST102758,09-24-2022,Mis-selling,In Progress,11,BR1030
CMP900537,CUST101177,2021-05-07,Customer Service,Resolved,31,BR1004
CMP900315,CUST102438,2021-04-06,Loan Issue,In Progress,23,BR1030
CMP900430,CUST100642,27.09.2023,Account Closure,Resolved,16,BR1009
CMP900615,CUST100324,16/02/2025,Fees & Charges,Open,6,BR1012
CMP900846,CUST102266,02-07-2025,Account Closure,In Progress,4,BR1023
CMP900344,CUST100449,13/09/2025,Account Closure,In Progress,36,BR1014
CMP900530,CUST101271,05-Jun-2021,Fraud,Resolved,23,BR1028
CMP900208,CUST102086,05-Dec-2019,Account Closure,Escalated,28,BR1015
CMP900381,CUST101910,08/03/2026,Fees & Charges,In Progress,34,BR1001
CMP900356,CUST100899,29-Jul-2019,Card Issue,In Progress,42,BR1004
CMP900865,CUST103021,19-May-2025,,Resolved,38,BR1021
CMP900727,CUST101506,16-Jul-2026,Card Issue,Open,9,BR1024
CMP900912,CUST100919,2019-05-24,Customer Service,Escalated,5,BR1004
CMP900180,CUST101137,2024-06-01,Fraud,Open,17,BR1023
CMP900925,CUST100420,01/11/2025,Customer Service,Resolved,19,BR1005
CMP900424,CUST100294,03.02.2020,Account Closure,Open,42,BR1017
CMP900879,CUST102197,10-Jun-2025,,In Progress,15,BR1003
CMP900746,CUST102896,30/08/2024,Fees & Charges,Open,14,BR1015
CMP900471,CUST100708,29/11/2021,Account Closure,In Progress,29,BR1030
CMP900021,CUST102509,10-31-2025,Fraud,Escalated,22,BR1009
CMP900117,CUST102179,19/05/2025,Customer Service,Escalated,29,BR1010
CMP900434,CUST101601,22-Nov-2020,Mis-selling,Open,3,BR1027
CMP900166,CUST103028,22-Aug-2026,Customer Service,In Progress,38,BR1000
CMP900368,CUST102703,30/05/2023,Mis-selling,Open,45,BR1016
CMP900949,CUST101683,14.07.2024,Fraud,Escalated,34,BR1027
CMP900811,CUST100105,2019-11-07,Loan Issue,In Progress,25,BR1005
CMP900195,CUST102400,01-16-2019,Card Issue,Open,38,BR1019
CMP900494,CUST102511,06-02-2019,Loan Issue,Escalated,45,BR1006
CMP900089,CUST102094,21-Oct-2020,Card Issue,Resolved,24,BR1023
CMP900120,CUST102486,16/05/2026,Fees & Charges,Open,34,BR1006
CMP900696,CUST101094,2025-10-03,Fees & Charges,Resolved,23,BR1029
CMP900497,CUST101993,07-07-2023,Customer Service,Resolved,17,BR1004
CMP900091,CUST101152,20/10/2022,Account Closure,Open,36,BR1023
CMP900927,CUST101271,26/07/2024,Fees & Charges,Open,20,BR1018
CMP900071,CUST101031,05-31-2022,Online Banking,Escalated,3,BR1003
CMP900650,CUST102762,02-14-2023,Mis-selling,Open,40,BR1018
CMP900334,CUST100204,2020-08-25,Online Banking,In Progress,42,BR1023
CMP900061,CUST102514,03-30-2025,Account Closure,Open,29,BR1030
CMP900901,CUST100878,2019-08-30,Mis-selling,Open,16,BR1014
CMP900898,CUST103149,2025-04-13,Account Closure,Escalated,23,BR1013
CMP900937,CUST101839,23/08/2026,Account Closure,Escalated,24,BR1014
CMP900453,CUST100418,11-Jan-2026,Account Closure,Resolved,45,BR1005
CMP900155,CUST101907,07-21-2024,Loan Issue,Escalated,10,BR1019
CMP900836,CUST100356,04.01.2021,Customer Service,Resolved,6,BR1023
CMP900947,CUST100140,23/12/2025,Account Closure,In Progress,16,BR1007
CMP900070,CUST102914,08-26-2026,Mis-selling,Escalated,26,BR1022
CMP900918,CUST101589,2021-09-26,Online Banking,Escalated,37,BR1030
CMP900519,CUST102797,25.07.2024,Mis-selling,Escalated,43,BR1012
CMP900286,CUST103023,21/02/2022,Account Closure,Escalated,35,BR1005
CMP900763,CUST102449,20/12/2022,Online Banking,Escalated,13,BR1011
CMP900734,CUST100193,13/02/2025,Customer Service,In Progress,18,BR1015
CMP900088,CUST102206,04.07.2019,Loan Issue,Open,9,BR1027
CMP900382,CUST100101,07-10-2024,Customer Service,Escalated,37,BR1015
CMP900202,CUST101617,2023-06-13,Customer Service,Escalated,-1,BR1008
CMP900638,CUST101469,08-31-2022,Card Issue,In Progress,43,BR1027
CMP900389,CUST100461,03/11/2019,Loan Issue,Open,42,BR1028
CMP900876,CUST100489,09-15-2022,Fraud,Escalated,33,BR1024
CMP900447,CUST100739,17/03/2021,Account Closure,In Progress,1,BR1012
CMP900162,CUST101979,21/05/2024,Customer Service,Open,29,BR1003
CMP900587,CUST102974,28-Feb-2026,Online Banking,Escalated,40,BR1015
CMP900216,CUST100468,2020-04-27,Account Closure,In Progress,19,BR1031
CMP900930,CUST100242,11/04/2020,Account Closure,Resolved,20,BR1019
CMP900882,CUST101943,2026-01-01,Customer Service,Resolved,3,BR1017
CMP900425,CUST101912,09/07/2019,Account Closure,Open,44,BR1008
CMP900543,CUST101149,04.04.2019,,In Progress,42,BR1011
CMP900757,CUST101899,27.04.2021,Card Issue,Escalated,40,BR1023
CMP900014,CUST103137,11-10-2020,Online Banking,Open,23,BR1007
CMP900904,CUST102416,10-03-2023,Card Issue,Resolved,2,BR1008
CMP900454,CUST101165,27-Sep-2020,Online Banking,Escalated,3,BR1031
CMP900255,CUST100112,18/08/2020,Account Closure,Escalated,28,BR1012
CMP900611,CUST101366,04-26-2023,Online Banking,Resolved,43,BR1018
CMP900917,CUST101774,12-Mar-2022,Account Closure,Escalated,27,BR1011
CMP900170,CUST101320,13.03.2023,Online Banking,Resolved,7,BR1027
CMP900622,CUST100750,16.08.2022,Online Banking,Escalated,37,BR1013
CMP900737,CUST100079,2025-12-06,Fees & Charges,Open,5,BR1001
CMP900186,CUST102030,2024-08-28,Fees & Charges,Open,2,BR1016
CMP900171,CUST102442,03.01.2024,Mis-selling,Resolved,39,BR1022
CMP900224,CUST101092,02-Jul-2019,Online Banking,In Progress,17,BR1007
CMP900680,CUST100625,22.04.2020,Loan Issue,Resolved,18,BR1011
CMP900263,CUST102745,27.05.2020,,In Progress,36,BR1018
CMP900116,CUST102225,10-Dec-2019,Account Closure,Open,22,BR1019
CMP900814,CUST100164,12-06-2020,Loan Issue,In Progress,20,BR1009
CMP900715,CUST101481,2023-08-12,Customer Service,Escalated,30,BR1012
CMP900628,CUST101009,30/07/2023,Card Issue,Escalated,21,BR1017
CMP900850,CUST100903,09-01-2024,Fees & Charges,Open,9,BR1027
CMP900121,CUST101874,12.10.2020,Fees & Charges,Escalated,10,BR1017
CMP900634,CUST101351,19/11/2020,Online Banking,Escalated,10,BR1029
CMP900915,CUST100659,16-Dec-2026,Card Issue,Escalated,37,BR1019
CMP900246,CUST100724,17/02/2023,Customer Service,In Progress,24,BR1023
CMP900130,CUST102327,24/03/2022,Online Banking,Open,12,BR1023
CMP900830,CUST100389,08/07/2024,Fees & Charges,Open,14,BR1000
CMP900848,CUST100016,16/03/2025,Customer Service,Resolved,40,BR1013
CMP900365,CUST102048,09/03/2024,Loan Issue,Escalated,24,BR1030
CMP900931,CUST100205,01-26-2026,Account Closure,Open,14,BR1016
CMP900739,CUST101127,29/09/2025,Online Banking,Open,39,BR1005
CMP900371,CUST102399,18/07/2025,Card Issue,Escalated,34,BR1003
CMP900308,CUST100761,14-Nov-2019,Account Closure,Resolved,26,BR1020
CMP900561,CUST102204,05.01.2024,Customer Service,Escalated,9,BR1010
CMP900193,CUST102607,2023-07-26,Mis-selling,Open,43,BR1008
CMP900095,CUST101186,10/10/2026,Card Issue,In Progress,24,BR1009
CMP900646,CUST101618,10-06-2023,Fraud,Open,13,BR1027
CMP900948,CUST102253,26-Jan-2023,Account Closure,In Progress,33,BR1029
CMP900928,CUST102293,2022-04-09,Loan Issue,Resolved,-9,BR1001
CMP900299,CUST101550,19.01.2024,Mis-selling,In Progress,33,BR1008
CMP900692,CUST103097,01-29-2023,Fraud,Open,33,BR1021
CMP900188,CUST100354,10.08.2021,Loan Issue,Escalated,41,BR1024
CMP900303,CUST102692,10.11.2026,Fraud,Escalated,40,BR1014
CMP900742,CUST101848,04-Sep-2024,Fraud,In Progress,8,BR1009
CMP900369,CUST103034,02.04.2026,Customer Service,Resolved,21,BR1005
CMP900801,CUST100043,2019-11-10,Loan Issue,Resolved,25,BR1022
CMP900924,CUST100336,23.10.2019,Customer Service,In Progress,41,BR1027
CMP900683,CUST103061,2026-06-30,Online Banking,Resolved,1,BR1009
CMP900265,CUST100828,17/12/2023,Fees & Charges,Escalated,30,BR1014
CMP900312,CUST100571,25.01.2023,Fees & Charges,In Progress,20,BR1012
CMP900631,CUST102402,29-Apr-2026,Card Issue,In Progress,21,BR1030
CMP900505,CUST101920,06-06-2022,Customer Service,In Progress,38,BR1022
CMP900906,CUST102161,08/03/2023,Loan Issue,Resolved,18,BR1000
CMP900464,CUST101524,09-Sep-2023,Card Issue,Resolved,41,BR1031
CMP900450,CUST102029,19/04/2026,Mis-selling,Resolved,11,BR1017
CMP900305,CUST102185,2025-03-12,,Escalated,22,BR1011
CMP900414,CUST101641,2021-04-15,Customer Service,Open,21,BR1028
CMP900457,CUST100038,17-Dec-2021,,In Progress,31,BR1011
CMP900259,CUST100384,06-18-2022,Online Banking,Resolved,18,BR1025
CMP900187,CUST102245,07/12/2023,Customer Service,Escalated,18,BR1008
CMP900548,CUST100757,24-Nov-2024,Online Banking,Escalated,44,BR1009
CMP900516,CUST100290,14-Jan-2026,Mis-selling,Escalated,43,BR1019
CMP900744,CUST100253,2026-03-13,Account Closure,Open,43,BR1031
CMP900440,CUST100356,07/02/2019,Fees & Charges,Resolved,29,BR1021
CMP900676,CUST100053,18-Apr-2023,Loan Issue,Open,3,BR1004
CMP900598,CUST100689,12-Aug-2022,Online Banking,In Progress,15,BR1026
CMP900205,CUST101259,29-Dec-2024,Card Issue,Resolved,-8,BR1006
CMP900944,CUST100148,04/04/2020,Fraud,Resolved,44,BR1024
CMP900119,CUST100935,06/01/2024,Account Closure,Open,31,BR1011
CMP900288,CUST101488,07-May-2019,Loan Issue,Resolved,34,BR1011
CMP900678,CUST102765,07/12/2025,Customer Service,In Progress,1,BR1009
CMP900675,CUST101665,15.07.2026,Fees & Charges,In Progress,31,BR1019
CMP900483,CUST100478,07-15-2026,Online Banking,Resolved,8,BR1001
CMP900815,CUST101321,22.08.2020,Fraud,Resolved,18,BR1027
CMP900564,CUST101769,2022-01-19,Account Closure,Open,14,BR1008
CMP900185,CUST102550,10/11/2022,Mis-selling,Open,8,BR1004
CMP900792,CUST102188,04-27-2023,Account Closure,In Progress,36,BR1022
CMP900771,CUST100265,11-17-2024,Loan Issue,Resolved,6,BR1019
CMP900236,CUST100991,2021-02-14,Mis-selling,Open,16,BR1023
CMP900428,CUST102102,16-Jul-2026,Mis-selling,Open,34,BR1031
CMP900717,CUST102811,18-Aug-2025,Account Closure,Open,35,BR1028
CMP900697,CUST102464,16/10/2026,Online Banking,Open,18,BR1005
CMP900323,CUST100683,2022-04-29,Customer Service,In Progress,35,BR1031
CMP900160,CUST101855,05-Dec-2019,Fraud,Escalated,36,BR1005
CMP900310,CUST101967,03-08-2020,Mis-selling,Open,25,BR1026
CMP900076,CUST102599,2023-10-10,Card Issue,Escalated,-7,BR1025
CMP900413,CUST101817,11/04/2023,Customer Service,Resolved,43,BR1015
CMP900620,CUST102164,13/06/2019,Fraud,Resolved,26,BR1030
CMP900295,CUST103073,28.01.2024,Fees & Charges,Escalated,25,BR1030
CMP900564,CUST101769,2022-01-19,Account Closure,Open,14,BR1008
CMP900884,CUST102604,11-12-2019,Mis-selling,Resolved,38,BR1025
CMP900911,CUST101685,14/09/2024,Loan Issue,Open,34,BR1010
CMP900243,CUST102007,05-14-2022,Fraud,Open,26,BR1018
CMP900707,CUST100275,05/03/2021,Card Issue,Open,3,BR1026
CMP900386,CUST103106,09-19-2023,Mis-selling,Open,23,BR1014
CMP900579,CUST102269,28/09/2024,Fees & Charges,Escalated,37,BR1011
CMP900756,CUST101648,08.02.2023,Customer Service,Open,44,BR1023
CMP900488,CUST101747,01-28-2022,Loan Issue,Escalated,16,BR1021
CMP900324,CUST100461,02-29-2020,Loan Issue,In Progress,13,BR1021
CMP900929,CUST100180,08.10.2021,Customer Service,In Progress,24,BR1026
CMP900507,CUST100946,17/04/2019,Fraud,Open,7,BR1006
CMP900244,CUST102104,23-Nov-2025,Customer Service,Escalated,40,BR1030
CMP900448,CUST102130,10-01-2023,,Open,13,BR1012
CMP900291,CUST102196,18.10.2021,Card Issue,Open,3,BR1003
CMP900794,CUST100545,2025-09-17,Fraud,Escalated,45,BR1005
CMP900420,CUST100785,26/09/2024,Loan Issue,Open,38,BR1012
CMP900597,CUST102196,02.12.2021,,In Progress,35,BR1002
CMP900584,CUST102909,26.08.2025,Mis-selling,Resolved,7,BR1009
CMP900016,CUST102785,10.07.2020,Account Closure,In Progress,15,BR1027
CMP900000,CUST102127,31.05.2023,Fees & Charges,Open,14,BR1004
CMP900469,CUST102713,06-08-2019,Account Closure,In Progress,9,BR1016
CMP900042,CUST103103,28/03/2025,Loan Issue,In Progress,5,BR1031
CMP900307,CUST102107,23.02.2021,Fraud,Open,13,BR1023
CMP900793,CUST102697,2019-01-13,Fraud,In Progress,33,BR1022
CMP900229,CUST102780,11-19-2020,Online Banking,In Progress,45,BR1027
CMP900105,CUST100628,12-May-2019,Card Issue,Open,41,BR1021
CMP900755,CUST100833,06.05.2023,Account Closure,In Progress,-4,BR1018
CMP900051,CUST100502,2026-01-28,Loan Issue,Escalated,41,BR1000
CMP900459,CUST103085,27-Mar-2024,Online Banking,In Progress,1,BR1015
CMP900785,CUST100045,2023-08-12,Loan Issue,In Progress,39,BR1015
CMP900913,CUST102848,18.11.2023,Mis-selling,Resolved,23,BR1021
CMP900273,CUST101390,02-13-2021,Mis-selling,Resolved,7,BR1015
CMP900274,CUST100108,2021-07-27,Loan Issue,Open,-7,BR1022
CMP900352,CUST102162,30/05/2025,Fees & Charges,In Progress,30,BR1008
CMP900445,CUST102457,12-Dec-2021,Mis-selling,Resolved,10,BR1031
CMP900629,CUST100272,29/05/2021,Account Closure,Open,17,BR1013
CMP900769,CUST100195,2026-02-13,Card Issue,Resolved,16,BR1028
CMP900873,CUST101572,2019-07-25,Fraud,Open,-2,BR1012
CMP900239,CUST100062,03-Dec-2023,Card Issue,In Progress,15,BR1026
CMP900691,CUST102057,07-Dec-2025,Online Banking,In Progress,1,BR1021
CMP900613,CUST102248,2026-01-28,,Open,22,BR1019
CMP900250,CUST102532,2023-09-18,Mis-selling,In Progress,13,BR1001
CMP900437,CUST101402,2026-12-19,Online Banking,Escalated,22,BR1006
CMP900636,CUST102836,17-Apr-2023,Fraud,Escalated,25,BR1018
CMP900939,CUST101299,17/08/2019,Account Closure,In Progress,25,BR1029
CMP900603,CUST102814,2019-08-08,Mis-selling,Open,-3,BR1025
CMP900215,CUST102210,16.11.2021,Fees & Charges,In Progress,31,BR1001
CMP900253,CUST100790,14/03/2021,Account Closure,Escalated,-8,BR1008
CMP900431,CUST101648,05-03-2024,Account Closure,Resolved,41,BR1013
CMP900853,CUST102009,26.02.2020,,Open,6,BR1031
CMP900521,CUST101898,15/05/2024,Account Closure,In Progress,1,BR1018
CMP900292,CUST102219,21.06.2024,Customer Service,Resolved,41,BR1005
CMP900856,CUST101791,02-14-2019,Account Closure,In Progress,13,BR1029
CMP900207,CUST102996,22-Feb-2022,Account Closure,Open,-9,BR1028
CMP900401,CUST101605,05.02.2019,Account Closure,In Progress,17,BR1003
CMP900370,CUST100642,02/11/2023,Loan Issue,Resolved,17,BR1027
CMP900917,CUST101774,12-Mar-2022,Account Closure,Escalated,27,BR1011
CMP900837,CUST102129,09-28-2026,Customer Service,Resolved,5,BR1022
CMP900149,CUST102468,28.07.2021,Mis-selling,Resolved,1,BR1028
CMP900712,CUST101297,22/03/2023,Account Closure,Escalated,8,BR1014
CMP900264,CUST100575,08.04.2020,Mis-selling,Open,13,BR1016
CMP900213,CUST100365,09-26-2021,Card Issue,Escalated,14,BR1031
CMP900804,CUST102769,20/11/2025,,Open,16,BR1004
CMP900110,CUST102685,2019-03-08,,Escalated,31,BR1007
CMP900127,CUST102407,19.10.2021,Fraud,Open,44,BR1030
CMP900897,CUST100493,26/01/2021,Online Banking,Resolved,15,BR1022
CMP900787,CUST102164,07-02-2023,Card Issue,Resolved,17,BR1011
CMP900658,CUST100568,27/12/2022,,Open,6,BR1031
CMP900161,CUST100988,16-Oct-2023,Fraud,Escalated,13,BR1024
CMP900872,CUST102017,24.11.2026,Online Banking,Escalated,22,BR1030
CMP900894,CUST100607,26.07.2020,,Open,2,BR1006
CMP900094,CUST102505,04-Jan-2026,Fees & Charges,Open,4,BR1031
CMP900703,CUST100206,06-02-2025,Card Issue,In Progress,15,BR1005
CMP900602,CUST100970,02/08/2023,Fees & Charges,Resolved,34,BR1021
CMP900006,CUST103009,10-25-2025,Fees & Charges,Resolved,16,BR1026
CMP900098,CUST100687,10.12.2020,Loan Issue,In Progress,38,BR1019
CMP900711,CUST101334,26/11/2021,Card Issue,In Progress,2,BR1005
CMP900304,CUST101722,2024-10-26,Fraud,Escalated,12,BR1029
CMP900729,CUST101815,25-Oct-2022,Account Closure,In Progress,12,BR1015
CMP900034,CUST102948,23/02/2019,Fees & Charges,Open,16,BR1019
CMP900392,CUST102408,11-May-2022,Loan Issue,In Progress,18,BR1016
CMP900492,CUST102066,04-Oct-2019,Account Closure,Open,41,BR1026
CMP900916,CUST101599,12-31-2022,Loan Issue,Open,-7,BR1003
CMP900681,CUST100428,08-12-2021,Card Issue,Escalated,-3,BR1018
CMP900656,CUST100109,04-Apr-2026,Fraud,Escalated,14,BR1021
CMP900077,CUST101615,26/08/2023,Mis-selling,In Progress,33,BR1022
CMP900472,CUST101758,29.10.2021,Card Issue,Escalated,11,BR1009
CMP900318,CUST100027,02-24-2019,Loan Issue,Resolved,41,BR1015
CMP900062,CUST100532,10-28-2025,Customer Service,Escalated,5,BR1022
CMP900816,CUST101244,29.10.2019,Fraud,Resolved,43,BR1005
CMP900101,CUST102877,05.03.2022,Fees & Charges,Open,7,BR1004
CMP900336,CUST100418,24-Feb-2023,Loan Issue,Escalated,1,BR1031
CMP900226,CUST100492,2025-05-08,Mis-selling,Open,19,BR1019
CMP900713,CUST101482,2025-05-25,Loan Issue,Open,31,BR1022
CMP900639,CUST101845,03-29-2021,Mis-selling,Open,15,BR1010
CMP900475,CUST100259,2023-06-17,Fraud,Resolved,9,BR1021
CMP900870,CUST102926,11-07-2024,,Open,45,BR1028
CMP900477,CUST100196,07-15-2022,Fees & Charges,Resolved,21,BR1029
CMP900760,CUST102156,25/09/2023,,Escalated,29,BR1024
CMP900102,CUST102167,10/08/2023,Fees & Charges,Resolved,9,BR1020
CMP900426,CUST102467,02-Dec-2019,Mis-selling,In Progress,45,BR1005
CMP900600,CUST101515,11.09.2026,Card Issue,In Progress,25,BR1024
CMP900345,CUST100914,2019-12-09,Customer Service,Open,34,BR1021
CMP900380,CUST102044,21/03/2020,,In Progress,32,BR1007
CMP900766,CUST102985,07-12-2021,Card Issue,Open,43,BR1012
CMP900726,CUST102692,08.11.2022,Fraud,Escalated,25,BR1019
CMP900001,CUST101956,05-04-2020,Fraud,Escalated,9,BR1026
CMP900580,CUST102063,03/05/2026,Card Issue,Open,29,BR1017
CMP900861,CUST102255,02-09-2019,Customer Service,Resolved,26,BR1003
CMP900709,CUST102283,2019-07-10,Customer Service,Escalated,12,BR1018
CMP900164,CUST102019,07.07.2020,Customer Service,Resolved,20,BR1016
CMP900761,CUST101941,07-Feb-2020,Fees & Charges,Resolved,24,BR1016
CMP900473,CUST101603,2020-03-09,,Escalated,26,BR1006
CMP900249,CUST101986,21.06.2023,Fees & Charges,In Progress,18,BR1013
CMP900184,CUST101821,2021-04-02,Loan Issue,Resolved,1,BR1030
CMP900887,CUST101508,2024-12-26,Mis-selling,Escalated,6,BR1007
CMP900738,CUST100307,12-02-2026,Customer Service,In Progress,15,BR1019
CMP900136,CUST100875,08/05/2026,,In Progress,31,BR1026
CMP900885,CUST100215,2022-07-12,Account Closure,In Progress,25,BR1016
CMP900125,CUST100342,07.05.2020,Mis-selling,Open,1,BR1003
CMP900546,CUST100309,28.02.2023,Customer Service,In Progress,19,BR1003
CMP900786,CUST101212,2024-03-01,Fees & Charges,Escalated,8,BR1030
CMP900367,CUST100436,2019-09-30,Account Closure,Open,32,BR1028
CMP900635,CUST100135,2020-07-08,Customer Service,Escalated,41,BR1009
CMP900901,CUST100878,2019-08-30,Mis-selling,Open,16,BR1014
CMP900567,CUST100081,2024-10-30,Customer Service,Resolved,21,BR1028
CMP900877,CUST102915,11-Apr-2020,Mis-selling,Open,39,BR1007
CMP900435,CUST100690,22.07.2020,Fees & Charges,Resolved,18,BR1009
CMP900436,CUST103086,04-22-2024,Mis-selling,Open,29,BR1007
CMP900617,CUST101838,02-21-2026,Fees & Charges,Open,20,BR1005
CMP900090,CUST103107,11-Jan-2025,Account Closure,Open,33,BR1009
CMP900482,CUST101563,09-May-2019,Mis-selling,Escalated,1,BR1021
CMP900087,CUST100750,08-01-2026,Fraud,Resolved,17,BR1025
CMP900585,CUST100830,2025-12-26,Fees & Charges,Escalated,14,BR1005
CMP900568,CUST102158,05-Aug-2024,Mis-selling,Open,-3,BR1028
CMP900489,CUST100138,20/08/2026,Account Closure,Open,34,BR1002
CMP900862,CUST101132,15/11/2022,Loan Issue,Escalated,32,BR1005
CMP900721,CUST101892,15.06.2023,Account Closure,Open,24,BR1023
CMP900654,CUST101475,08/08/2020,Card Issue,In Progress,10,BR1008
CMP900774,CUST102578,28/10/2021,Account Closure,Open,45,BR1026
CMP900496,CUST101266,17/09/2021,Account Closure,Resolved,29,BR1010
CMP900892,CUST100475,07-Aug-2022,Mis-selling,In Progress,-9,BR1013
CMP900107,CUST102386,07-31-2020,Account Closure,In Progress,28,BR1018
CMP900701,CUST101169,03-02-2021,Fees & Charges,Resolved,19,BR1027
CMP900765,CUST100173,24.12.2019,Fraud,In Progress,32,BR1023
CMP900122,CUST102315,03-May-2025,Mis-selling,Open,26,BR1022
CMP900559,CUST102966,2021-03-16,Fees & Charges,Open,19,BR1031
CMP900240,CUST100149,14/12/2023,Account Closure,In Progress,25,BR1008
