loan_id,customer_id,loan_type,loan_amount,interest_rate,loan_start_date,loan_end_date,loan_status
LN700238,CUST102822,Mortgage,151233.97,5.2,2012-08-29,2020-08-29,Paid Off
LN701049,CUST101064,Home Loan,321178.73,4.72,28.04.2016,28/04/2026,Active
LN700003,CUST100165,STUDENT LOAN,57574.86,6.78,15-Jul-2016,2030-07-15,Active
LN700180,CUST102251,Car Loan,34414.78,4.91,10.01.2017,10.01.2040,Paid Off
LN700006,CUST102127,auto loan,27076.78,7.7,21/11/2017,11-21-2027,Defaulted
LN700625,CUST100941,Car Loan,37360.34,10.66,09.12.2016,12-09-2038,Closed
LN700353,CUST102283,Personal Loan,7555.76,99.9,13/10/2022,13/10/2030,Defaulted
LN700388,CUST100458,Student Loan,12103.61,6.59,23.01.2017,2019-01-23,Paid Off
LN700444,CUST100274,Student Loan,12945.4,2.96,13/02/2021,13/02/2040,Defaulted
LN700448,CUST102343,Personal Loan,15494.67,9.79,13/11/2016,13/11/2038,Defaulted
LN700620,CUST102567,Personal Loan,23344.52,12.59,2011-01-12,01-12-2018,
LN700273,CUST100504,mortgage,379009.03,6.04,04/10/2014,2030-10-04,Paid Off
LN700226,CUST101302,Personal,22005.8,11.64,10/01/2014,2015-01-10,Paid Off
LN700939,CUST102147,mortgage,420872.18,5.45,08-03-2010,03-Aug-2012,Paid Off
LN700512,CUST101605,auto loan,12498.15,10.02,20.03.2022,03-20-2023,Paid Off
LN700543,CUST101136,Personal Loan,3659.15,7.44,03.02.2010,03/02/2026,Paid Off
LN700078,CUST100383,student loan,43830.27,1.74,12-16-2011,12-16-2022,Paid Off
LN701143,CUST101292,STUDENT LOAN,43798.96,6.35,02-05-2015,02-05-2017,Defaulted
LN700203,CUST101938,PERSONAL LOAN,8148.65,12.92,24.09.2022,2040-09-24,Closed
LN700678,CUST100450,auto loan,36331.59,6.15,13/02/2012,2013-02-13,Defaulted
LN700333,CUST103045,student loan,58436.77,5.65,03-Jun-2018,03-Jun-2026,Defaulted
LN700884,CUST101277,Mortgage,403361.93,3.12,01.02.2021,01/02/2040,Defaulted
LN700965,CUST102153,PERSONAL LOAN,7515.55,13.14,06.09.2022,06/09/2040,Paid Off
LN700343,CUST101429,PERSONAL LOAN,2172.86,5.38,23/06/2018,2033-06-23,Paid Off
LN700707,CUST100461,Auto Loan,16514.27,10.0,2015-06-12,12/06/2016,Closed
LN700829,CUST102136,Student Loan,57912.05,5.03,2017-09-16,16-Sep-2038,Active
LN700257,CUST102162,Auto Loan,27678.93,10.78,2021-10-29,2026-10-29,Defaulted
LN700725,CUST101810,Home Loan,135088.95,2.95,02.06.2022,02-Jun-2040,Closed
LN700571,CUST103057,auto loan,12993.66,9.07,17.08.2017,17-Aug-2029,Active
LN700937,CUST101829,Student Loan,21296.15,5.75,19.06.2014,06-19-2018,
LN700025,CUST103005,student loan,41901.08,1.84,18-Jun-2013,06-18-2032,Closed
LN700778,CUST100605,student loan,25447.73,2.42,2020-01-24,2022-01-24,Paid Off
LN700648,CUST101727,STUDENT LOAN,14179.21,4.7,2011-07-23,07-23-2019,Paid Off
LN700398,CUST100176,Student Loan,24168.88,6.45,15.05.2015,05-15-2020,Closed
LN700812,CUST102018,student loan,41758.12,3.81,19-Jan-2020,01-19-2027,Active
LN700032,CUST102478,mortgage,204058.22,6.05,07/03/2014,07.03.2019,Closed
LN700170,CUST101615,auto loan,16250.7,4.19,2013-01-04,04/01/2016,Defaulted
LN701114,CUST100463,STUDENT LOAN,37086.31,4.2,28.05.2017,28.05.2034,Closed
LN700850,CUST101022,auto loan,12905.78,4.72,2020-07-27,2027-07-27,Defaulted
LN700890,CUST101330,Student Loan,17389.75,5.75,10-Nov-2015,10.11.2032,Paid Off
LN701124,CUST101772,MORTGAGE,295430.72,6.21,25/07/2018,25/07/2038,Paid Off
LN700530,CUST101267,Student Loan,37300.62,1.8,03/07/2015,2028-07-03,Active
LN700574,CUST100154,PERSONAL LOAN,24700.51,7.18,27.06.2013,27.06.2029,Defaulted
LN700839,CUST101564,Car Loan,16722.42,10.39,2022-11-02,2040-11-02,Defaulted
LN701116,CUST100149,Home Loan,369081.05,4.9,2012-05-07,05-07-2033,Paid Off
LN700564,CUST102320,STUDENT LOAN,41902.17,5.37,2023-11-15,15-Nov-2040,Active
LN701183,CUST100393,personal loan,20017.35,13.5,30.12.2013,30/12/2018,Paid Off
LN700500,CUST100866,Home Loan,224620.93,5.21,04/03/2012,04-Mar-2037,Active
LN701206,CUST101819,Mortgage,422905.69,2.64,19/12/2014,12-19-2031,Closed
LN701224,CUST100813,Student Loan,23292.92,99.9,13-Jul-2017,2040-07-13,Active
LN700997,CUST101291,auto loan,31874.76,7.65,27/06/2022,27.06.2040,Active
LN700901,CUST102507,Student Loan,53663.1,5.99,2017-10-12,10-12-2026,Active
LN700616,CUST100043,PERSONAL LOAN,13628.53,5.01,2022-10-16,16-Oct-2029,Closed
LN700854,CUST101168,Auto Loan,23507.73,7.68,2019-09-17,17-Sep-2024,Paid Off
LN700679,CUST100604,student loan,49497.46,2.16,16/05/2016,05-16-2037,Closed
LN700856,CUST102296,Personal Loan,6097.42,8.22,12/08/2016,12-Aug-2018,Active
LN700499,CUST100718,student loan,54639.37,5.03,01/01/2021,01-01-2032,Defaulted
LN701240,CUST101190,MORTGAGE,348325.44,3.76,03.04.2019,03/04/2040,Active
LN701058,CUST101265,student loan,46286.71,6.86,16-Dec-2020,2024-12-16,Paid Off
LN700270,CUST101971,Mortgage,212819.75,2.62,09-17-2012,17-Sep-2013,Active
LN700644,CUST100523,PERSONAL LOAN,23412.21,12.32,27.11.2014,11-27-2022,Paid Off
LN700527,CUST101820,personal loan,21143.96,6.26,02-19-2014,2030-02-19,Paid Off
LN700086,CUST101476,Car Loan,16080.3,9.21,28-Apr-2011,28.04.2033,Paid Off
LN701006,CUST100362,Mortgage,109945.36,3.18,01.07.2021,2035-07-01,Paid Off
LN700181,CUST102817,Personal Loan,7738.16,17.37,17-Feb-2013,17-Feb-2031,Closed
LN701248,CUST100613,Personal Loan,7052.64,11.35,08-Jul-2021,07-08-2033,Active
LN701122,CUST103031,MORTGAGE,175884.73,2.95,10-31-2014,31-Oct-2023,
LN700146,CUST100000,auto loan,9688.75,4.83,30-Dec-2021,30-Dec-2035,Defaulted
LN700629,CUST102673,personal loan,4112.79,5.22,08/12/2021,08-Dec-2036,Paid Off
LN701106,CUST100717,student loan,26834.66,3.48,29-Jun-2013,29.06.2020,Paid Off
LN700123,CUST102900,student loan,37104.89,3.74,18-Feb-2017,18/02/2018,Defaulted
LN700422,CUST102270,auto loan,39640.05,5.76,08-29-2021,29-Aug-2026,Active
LN701184,CUST101198,Student Loan,12204.11,3.92,2017-01-08,01-08-2035,Closed
LN700158,CUST102388,MORTGAGE,203695.54,3.88,27.10.2016,27/10/2019,
LN700833,CUST101175,Auto Loan,21386.64,7.47,19/12/2016,12-19-2019,Paid Off
LN701024,CUST100410,Home Loan,221700.99,4.82,04-Sep-2020,2040-09-04,Closed
LN701039,CUST102341,student loan,55107.73,5.46,15-Nov-2017,15-Nov-2018,Closed
LN701040,CUST102370,mortgage,192497.17,3.88,25/01/2021,25.01.2036,
LN700241,CUST100001,Auto Loan,12047.53,5.32,22-May-2011,22/05/2027,Closed
LN701218,CUST102073,mortgage,204581.5,5.81,26.06.2013,2028-06-26,Active
LN700633,CUST102230,Auto Loan,27704.52,7.64,11.02.2021,02-11-2022,Defaulted
LN701011,CUST100217,STUDENT LOAN,18933.0,2.62,10-23-2011,23.10.2018,Defaulted
LN700771,CUST102931,Personal,12066.98,8.27,02.08.2016,02/08/2022,Defaulted
LN700351,CUST102145,auto loan,15054.35,7.97,25.10.2016,2033-10-25,
LN700403,CUST100131,personal loan,20468.05,14.06,07-31-2019,2040-07-31,Defaulted
LN701107,CUST100369,MORTGAGE,342969.29,2.62,12.01.2010,01-12-2030,Active
LN700354,CUST101457,MORTGAGE,324543.68,4.98,11-27-2017,27/11/2027,Active
LN700036,CUST101789,STUDENT LOAN,51224.53,4.19,02-05-2010,2020-02-05,Closed
LN700699,CUST100547,auto loan,14506.52,9.0,21.08.2017,21.08.2020,Active
LN700796,CUST102102,PERSONAL LOAN,6237.83,14.43,11-08-2014,11-08-2026,Defaulted
LN700188,CUST100616,Personal,3707.2,10.24,22/03/2016,22.03.2034,Closed
LN700862,CUST101797,Mortgage,101523.97,4.48,2019-02-06,2040-02-06,Closed
LN700711,CUST103053,STUDENT LOAN,19819.22,2.66,04-04-2023,04.04.2040,
LN701153,CUST101663,student loan,50151.83,2.84,10/12/2019,10-Dec-2033,Closed
LN700103,CUST100032,Home Loan,421042.42,4.81,10-25-2018,25-Oct-2028,Active
LN700052,CUST101690,AUTO LOAN,26956.11,11.51,06.08.2018,08-06-2019,Closed
LN700659,CUST100153,MORTGAGE,313963.27,5.98,18/06/2019,18/06/2040,Paid Off
LN700880,CUST102346,Mortgage,217298.44,5.94,09-20-2016,20/09/2028,Active
LN700674,CUST100893,Personal,9915.64,14.86,23.05.2023,23-May-2028,Closed
LN700447,CUST101145,personal loan,18532.04,7.07,06.03.2010,2023-03-06,Defaulted
LN700114,CUST102402,Mortgage,171847.16,5.55,27-Aug-2022,27/08/2040,Active
LN700548,CUST102396,personal loan,7932.51,17.84,31-Dec-2011,31.12.2021,Paid Off
LN700470,CUST101363,Personal Loan,4456.61,5.79,04-22-2016,22.04.2039,Paid Off
LN700810,CUST101118,Mortgage,284425.0,2.94,18/11/2010,2030-11-18,Active
LN700328,CUST100702,Mortgage,264307.47,6.3,01-21-2014,21.01.2032,Active
LN700035,CUST102595,Home Loan,108249.35,5.22,05-Jul-2023,07-05-2032,Active
LN701090,CUST100627,Personal,10528.17,12.68,02-12-2015,12-Feb-2030,Defaulted
LN700246,CUST102569,Student Loan,20772.96,2.51,15-Oct-2018,2023-10-15,Paid Off
LN700125,CUST101647,Home Loan,406742.14,4.6,2014-12-22,2023-12-22,Paid Off
LN700995,CUST101455,MORTGAGE,270657.15,3.13,06-Jul-2021,06.07.2040,
LN701025,CUST102585,Home Loan,435571.92,3.19,04-24-2023,04-24-2034,Active
LN700969,CUST102221,AUTO LOAN,24563.65,6.5,2013-10-15,2037-10-15,Closed
LN700476,CUST102844,Auto Loan,26219.88,4.05,31.10.2011,31.10.2026,Closed
LN700722,CUST101089,auto loan,32063.11,4.68,17/03/2012,17/03/2014,Paid Off
LN700639,CUST102622,Mortgage,174764.91,5.19,03-21-2022,2029-03-21,
LN700259,CUST100720,student loan,50782.38,2.88,01-Feb-2020,01-Feb-2036,Closed
LN700197,CUST102557,Personal Loan,18948.85,17.89,10/11/2014,10.11.2018,Paid Off
LN700818,CUST103088,auto loan,15756.42,10.25,15/07/2019,15/07/2037,Closed
LN700485,CUST101594,Car Loan,29952.81,10.72,22/01/2010,22-Jan-2012,Paid Off
LN701010,CUST102243,personal loan,4624.4,13.85,2012-01-21,21/01/2026,Closed
LN701111,CUST101932,STUDENT LOAN,9228.63,6.85,2011-05-01,2023-05-01,Closed
LN700227,CUST100378,Personal,24482.77,14.3,02/11/2016,02-Nov-2032,Paid Off
LN700742,CUST100208,auto loan,6888.65,8.98,2018-01-24,24.01.2023,Paid Off
LN700239,CUST102096,Mortgage,357982.38,2.75,2023-07-28,28.07.2040,Paid Off
LN700776,CUST103020,STUDENT LOAN,45879.15,6.45,08.11.2011,11-08-2025,Closed
LN701091,CUST100332,Home Loan,249334.22,5.76,20.07.2018,20.07.2019,Closed
LN700276,CUST103044,STUDENT LOAN,35796.15,5.36,15.09.2015,15-Sep-2028,Defaulted
LN701249,CUST100366,PERSONAL LOAN,14578.2,9.57,12-12-2014,12-12-2032,Paid Off
LN701140,CUST102013,personal loan,1116.71,12.61,07-05-2023,05.07.2040,Defaulted
LN700206,CUST102687,PERSONAL LOAN,12045.78,16.7,03.10.2019,03-Oct-2033,Active
LN701105,CUST102155,Auto Loan,27350.7,8.34,08.06.2010,08-Jun-2013,Paid Off
LN700392,CUST102159,STUDENT LOAN,43479.68,1.76,2023-02-17,02-17-2038,Defaulted
LN700357,CUST101808,Student Loan,34731.78,4.34,31-Jan-2016,31/01/2030,Closed
LN700420,CUST102944,AUTO LOAN,11421.77,10.96,2019-08-15,15/08/2026,Defaulted
LN700544,CUST102300,STUDENT LOAN,17539.42,5.42,01-12-2015,01-12-2023,Closed
LN700305,CUST101403,auto loan,4893.62,4.58,2016-08-16,16.08.2021,Paid Off
LN700224,CUST101419,auto loan,24244.41,5.29,09/02/2022,09/02/2040,Active
LN700202,CUST101040,Car Loan,35326.6,7.53,02-11-2022,11.02.2040,Defaulted
LN701181,CUST102856,Mortgage,348892.09,2.91,13.02.2012,13/02/2028,Paid Off
LN701191,CUST100448,STUDENT LOAN,39164.35,2.05,05-21-2014,21-May-2028,Defaulted
LN700930,CUST103028,PERSONAL LOAN,9865.83,6.14,10-17-2016,10-17-2034,
LN700212,CUST102600,MORTGAGE,128997.85,5.2,29/09/2019,09-29-2026,Active
LN701223,CUST102888,Student Loan,50738.83,6.59,21.06.2010,21/06/2027,Defaulted
LN701204,CUST101507,auto loan,7804.18,10.91,20-Dec-2011,20-Dec-2030,Closed
LN700194,CUST102419,Home Loan,138699.32,3.57,2022-07-24,24/07/2023,Paid Off
LN701230,CUST100913,PERSONAL LOAN,14187.67,16.46,03-08-2020,08.03.2037,Defaulted
LN700790,CUST100583,MORTGAGE,262939.45,5.65,08-23-2022,23.08.2040,Active
LN700155,CUST102606,mortgage,426600.1,6.08,31-Jan-2012,31/01/2036,Active
LN701138,CUST101200,Personal,6593.91,7.18,19-Jan-2017,01-19-2040,Closed
LN700247,CUST101936,Car Loan,11080.07,11.51,01-Dec-2016,2022-12-01,Paid Off
LN700077,CUST101154,Student Loan,58078.3,2.57,11-Aug-2010,11.08.2012,Closed
LN700319,CUST101961,mortgage,158497.81,3.14,14.11.2021,14-Nov-2035,Paid Off
LN700883,CUST101638,personal loan,1183.21,17.54,09.03.2023,2033-03-09,Active
LN700767,CUST103065,Personal Loan,16053.96,10.59,28-Feb-2011,2031-02-28,Closed
LN700230,CUST100434,PERSONAL LOAN,17339.01,12.37,12.04.2016,12.04.2036,Defaulted
LN700641,CUST100139,Student Loan,22991.85,1.6,05-03-2022,2038-05-03,Closed
LN700291,CUST101994,AUTO LOAN,22866.08,5.73,08-May-2013,08.05.2022,Closed
LN700892,CUST101535,student loan,10566.36,2.2,06/12/2014,06-Dec-2016,Active
LN700205,CUST100134,Auto Loan,28812.82,6.76,20/02/2010,20.02.2035,Active
LN700822,CUST102348,Student Loan,37812.48,5.84,2016-08-25,25/08/2030,Active
LN700457,CUST100313,Personal,11927.09,17.8,22-Feb-2010,02-22-2028,Defaulted
LN700026,CUST100489,Car Loan,27936.25,8.75,19/04/2012,19-Apr-2026,Closed
LN701096,CUST100125,Student Loan,13303.91,1.63,28/04/2011,28-Apr-2023,Defaulted
LN700980,CUST102409,Mortgage,247246.47,5.11,31/08/2010,2024-08-31,Paid Off
LN700825,CUST101494,Auto Loan,26396.25,8.89,03/12/2017,12-03-2037,Paid Off
LN700053,CUST101008,PERSONAL LOAN,13141.75,6.99,08/07/2014,08.07.2019,Closed
LN701065,CUST102442,personal loan,19720.84,0.0,2010-11-26,26-Nov-2029,Defaulted
LN700602,CUST101276,Student Loan,29266.38,5.4,2017-08-20,08-20-2040,Paid Off
LN700033,CUST100819,MORTGAGE,374469.61,6.47,04-14-2014,14.04.2030,Active
LN700068,CUST101677,STUDENT LOAN,14738.7,3.4,2013-08-13,13/08/2021,Closed
LN700940,CUST100602,Home Loan,244359.94,2.6,28/05/2012,28.05.2025,Paid Off
LN700452,CUST101096,Personal,18065.55,12.78,11-03-2016,03/11/2018,Closed
LN700921,CUST101063,Student Loan,15965.82,4.07,27-Nov-2018,11-27-2040,Paid Off
LN700832,CUST101576,student loan,59894.15,6.25,09/10/2011,09.10.2016,Defaulted
LN700817,CUST100006,auto loan,20931.17,11.82,08/08/2018,08-Aug-2026,Active
LN700005,CUST102875,mortgage,347628.54,5.26,08-22-2010,2033-08-22,Paid Off
LN700777,CUST101733,student loan,54456.43,1.8,12/04/2016,2021-04-12,Active
LN700876,CUST103147,Student Loan,27570.65,6.44,05.11.2019,05/11/2040,Paid Off
LN700455,CUST100553,student loan,57170.91,6.48,2018-09-03,03-Sep-2035,Closed
LN701220,CUST103139,PERSONAL LOAN,18958.63,17.26,04-May-2010,2030-05-04,Active
LN700458,CUST100193,AUTO LOAN,34701.27,0.0,20/06/2017,20/06/2040,Defaulted
LN701238,CUST102390,STUDENT LOAN,28000.21,3.63,22/09/2019,22/09/2039,Closed
LN700852,CUST102263,Personal,15099.42,13.26,22/08/2019,22-Aug-2020,Defaulted
LN700943,CUST101943,Personal Loan,21519.5,11.34,10/02/2017,2020-02-10,Paid Off
LN700533,CUST100476,Personal,3402.34,8.75,2022-07-25,25/07/2024,Closed
LN700271,CUST100219,Home Loan,166384.6,2.52,16-Jul-2014,2023-07-16,Closed
LN700977,CUST100571,Student Loan,30237.64,2.38,25/07/2022,07-25-2040,
LN701061,CUST100653,Home Loan,370059.92,5.81,27.05.2020,2027-05-27,Active
LN700827,CUST102526,Personal,13573.4,13.55,17/05/2020,05-17-2025,Closed
LN700714,CUST100168,AUTO LOAN,11006.45,7.54,2018-04-03,03.04.2038,Paid Off
LN700584,CUST101695,STUDENT LOAN,29324.6,5.12,02.07.2011,2024-07-02,Defaulted
LN700591,CUST102100,personal loan,2925.43,9.52,13/06/2023,13.06.2040,Defaulted
LN700453,CUST102340,Personal Loan,1246.21,10.69,11-Nov-2014,11.11.2029,Paid Off
LN701063,CUST100275,Personal Loan,17818.94,11.05,07-17-2021,17.07.2028,Defaulted
LN700555,CUST100054,student loan,29502.35,4.66,06-17-2013,06-17-2014,Defaulted
LN700494,CUST100132,Student Loan,10910.82,2.18,11-Apr-2022,11-Apr-2040,Defaulted
LN700251,CUST102352,mortgage,152204.79,4.36,07-13-2014,13.07.2022,Defaulted
LN700786,CUST101035,Home Loan,267889.08,3.21,2021-06-25,25.06.2031,Active
LN700870,CUST100875,PERSONAL LOAN,24046.08,17.38,12-May-2018,12-May-2029,Defaulted
LN701162,CUST101243,auto loan,9201.49,5.38,07.01.2016,2039-01-07,Closed
LN701144,CUST102491,Car Loan,21608.07,4.24,11-05-2017,05-Nov-2031,Active
LN700435,CUST101340,Personal Loan,7856.97,12.64,16-May-2020,16-May-2029,Defaulted
LN700900,CUST100867,Personal,8043.09,16.55,25.07.2017,07-25-2034,Closed
LN700898,CUST101718,Home Loan,218700.91,3.62,2014-04-19,19.04.2036,Active
LN700654,CUST102566,personal loan,24458.73,6.13,07/03/2020,07.03.2038,Defaulted
LN701172,CUST100815,STUDENT LOAN,11573.26,4.05,02/03/2018,02.03.2040,Defaulted
LN700746,CUST100077,STUDENT LOAN,33554.93,3.26,22/08/2020,22/08/2032,Defaulted
LN700595,CUST100697,auto loan,32154.38,10.55,06-15-2022,15.06.2030,Defaulted
LN700449,CUST100534,Auto Loan,19202.68,8.44,07-Jun-2013,07.06.2020,
LN700522,CUST100814,PERSONAL LOAN,6355.05,5.48,26/11/2012,11-26-2025,Closed
LN700861,CUST102517,PERSONAL LOAN,22046.46,14.89,04.02.2022,04.02.2040,Defaulted
LN700429,CUST101213,student loan,13188.35,1.62,2018-08-20,20-Aug-2033,Closed
LN700749,CUST102495,student loan,9675.33,4.01,16.08.2011,16.08.2019,Paid Off
LN700256,CUST101910,Mortgage,283979.99,99.9,26/01/2015,26/01/2031,Active
LN700219,CUST102639,student loan,13347.99,5.85,2013-06-15,06-15-2016,Active
LN700366,CUST102895,Mortgage,246011.65,4.42,31/01/2020,01-31-2026,Defaulted
LN701242,CUST100107,STUDENT LOAN,36694.57,3.1,10-14-2022,14-Oct-2027,Defaulted
LN700657,CUST102877,student loan,20064.37,3.07,12-10-2014,10/12/2034,Defaulted
LN700515,CUST102801,Student Loan,46608.19,5.07,26-Jan-2023,26.01.2040,Closed
LN700287,CUST103058,Personal,1352.11,15.38,06-Dec-2012,12-06-2021,Closed
LN700469,CUST103141,auto loan,33937.87,5.76,03-13-2016,13/03/2026,Active
LN700791,CUST102773,Mortgage,441390.5,5.72,24.02.2015,24-Feb-2023,Paid Off
LN700556,CUST101892,Mortgage,162562.32,3.56,09-12-2012,12.09.2028,Closed
LN700606,CUST102405,Student Loan,35694.23,2.08,25-Jun-2019,06-25-2039,Paid Off
LN700167,CUST101337,Personal Loan,12014.75,12.59,2018-12-27,12-27-2020,Paid Off
LN701141,CUST101420,Mortgage,177764.25,6.08,05.12.2016,05/12/2017,Defaulted
LN700651,CUST102131,STUDENT LOAN,15213.19,5.1,2012-04-17,04-17-2019,
LN701174,CUST100667,mortgage,341731.73,4.47,2020-03-28,03-28-2022,Defaulted
LN700503,CUST102536,MORTGAGE,393212.68,6.16,25-May-2019,05-25-2040,Paid Off
LN700094,CUST102134,Auto Loan,5679.24,9.37,14/06/2013,14/06/2022,Active
LN700439,CUST100264,Mortgage,151467.58,2.82,2013-05-27,05-27-2022,Defaulted
LN700084,CUST101498,MORTGAGE,311055.63,5.64,25/03/2018,25.03.2035,Defaulted
LN700358,CUST101066,Car Loan,37229.82,7.38,2012-04-25,2031-04-25,Paid Off
LN701034,CUST100693,Student Loan,31536.08,6.91,12-27-2011,27.12.2016,Paid Off
LN700828,CUST102513,Student Loan,58212.78,5.88,10-Oct-2014,10.10.2017,Paid Off
LN700945,CUST102411,Personal,14555.85,7.52,2016-10-14,10-14-2018,Active
LN700362,CUST101609,Auto Loan,30059.06,6.81,03/01/2011,03/01/2014,Active
LN701225,CUST102305,personal loan,19434.57,6.85,20/07/2023,20.07.2029,Defaulted
LN700506,CUST100307,PERSONAL LOAN,21480.38,7.08,2017-02-17,17/02/2027,Closed
LN700049,CUST101011,Student Loan,14651.37,3.16,07-03-2012,07-03-2016,Closed
LN700879,CUST101630,Mortgage,307315.9,3.82,28-Feb-2012,02-28-2031,Defaulted
LN700321,CUST101782,Personal Loan,2828.26,8.21,2017-06-15,15/06/2035,Defaulted
LN700446,CUST101822,PERSONAL LOAN,24246.86,17.23,13.05.2019,13-May-2038,Paid Off
LN700028,CUST102081,Student Loan,34136.22,5.14,25-Apr-2013,25.04.2035,
LN700386,CUST101929,MORTGAGE,92192.21,4.07,06-11-2014,06-11-2027,Defaulted
LN700610,CUST102511,Personal,7341.9,13.56,11-29-2013,29/11/2016,Defaulted
LN700379,CUST101656,AUTO LOAN,28041.26,9.37,02-14-2010,14-Feb-2033,Paid Off
LN701079,CUST102280,Car Loan,27469.14,10.31,06/01/2017,06/01/2033,Active
LN700021,CUST101830,STUDENT LOAN,45186.64,3.07,2010-08-04,04/08/2011,Defaulted
LN700885,CUST100151,Home Loan,428962.42,2.55,2010-08-09,09.08.2035,Defaulted
LN701109,CUST102715,Home Loan,138277.32,3.26,13/04/2015,13/04/2031,Closed
LN700380,CUST100164,mortgage,337446.51,4.2,05-20-2017,20/05/2031,Defaulted
LN700159,CUST102948,Personal Loan,18532.82,6.88,2013-09-03,03/09/2037,Active
LN700441,CUST100933,STUDENT LOAN,12152.73,3.39,02.06.2014,2036-06-02,Paid Off
LN700463,CUST102727,AUTO LOAN,16266.03,11.34,07-11-2016,11/07/2040,Paid Off
LN700513,CUST101437,Personal Loan,21080.24,9.97,17.08.2022,17-Aug-2037,Active
LN700510,CUST100983,Student Loan,42099.14,4.36,09-04-2020,04.09.2040,Closed
LN700987,CUST100894,Car Loan,39752.01,6.01,25/09/2015,25/09/2020,Active
LN700587,CUST102293,MORTGAGE,86657.81,4.29,2019-04-21,2034-04-21,Closed
LN700741,CUST100098,student loan,35178.81,2.38,27.08.2018,08-27-2033,Paid Off
LN700116,CUST101460,Student Loan,54127.55,6.65,10/07/2017,10.07.2040,Closed
LN700526,CUST100330,auto loan,7163.08,7.87,06-11-2012,11.06.2035,Paid Off
LN700342,CUST101137,auto loan,32661.15,8.28,06.09.2022,06/09/2030,Defaulted
LN700290,CUST101452,student loan,21528.02,4.28,2014-03-30,30/03/2037,Closed
LN700834,CUST101250,mortgage,257495.9,5.26,14.02.2021,2022-02-14,Closed
LN700377,CUST100594,mortgage,194749.9,3.77,08.09.2010,09-08-2020,Active
LN700072,CUST102591,AUTO LOAN,22074.92,7.51,25-Feb-2011,25.02.2029,Paid Off
LN700689,CUST103008,mortgage,170766.63,3.11,2010-04-12,04-12-2032,Defaulted
LN700175,CUST100429,personal loan,3835.17,11.79,16/04/2020,2026-04-16,Active
LN701029,CUST100734,Home Loan,385149.53,5.32,2018-09-27,2038-09-27,Defaulted
LN700263,CUST101974,Personal,1291.44,12.44,2023-11-22,11-22-2040,Paid Off
LN700340,CUST100562,Home Loan,109775.24,3.03,09-21-2016,21.09.2019,Defaulted
LN700791,CUST102773,Mortgage,441390.5,5.72,24.02.2015,24-Feb-2023,Paid Off
LN700136,CUST102701,student loan,33693.01,5.69,25-Aug-2018,25/08/2040,Active
LN701008,CUST100046,Student Loan,13328.0,4.12,10.11.2011,10-Nov-2015,Paid Off
LN701044,CUST101817,Home Loan,360420.15,6.45,18/12/2011,12-18-2021,Defaulted
LN701217,CUST101209,Auto Loan,27829.85,6.05,24/03/2010,24.03.2025,Active
LN700938,CUST102572,Auto Loan,11849.89,8.77,19/09/2022,19/09/2032,Active
LN700308,CUST100345,Mortgage,294704.21,5.8,10.06.2013,10-Jun-2035,
LN700179,CUST101408,Personal,12126.52,15.23,05-25-2022,25.05.2024,Closed
LN701201,CUST101309,Car Loan,8159.75,6.37,06-29-2013,29/06/2037,Paid Off
LN700024,CUST100347,Personal,5655.57,15.47,08.06.2019,2027-06-08,Defaulted
LN700653,CUST101147,PERSONAL LOAN,5218.11,8.92,23.12.2019,12-23-2024,Paid Off
LN700310,CUST101020,Auto Loan,35649.02,10.97,08-Jun-2015,08.06.2034,Closed
LN700165,CUST102697,STUDENT LOAN,32330.0,4.77,02-07-2012,07.02.2015,Closed
LN700780,CUST102006,Car Loan,6038.6,8.04,24.11.2020,24.11.2024,
LN701083,CUST102310,student loan,48631.55,5.51,2011-10-06,06.10.2022,Closed
LN701235,CUST102226,Car Loan,7955.96,11.73,07/08/2012,07-Aug-2015,Defaulted
LN701207,CUST101431,Student Loan,57170.84,99.9,2023-08-23,2036-08-23,Active
LN700231,CUST100929,STUDENT LOAN,38173.16,3.85,24.01.2022,24/01/2040,Closed
LN700872,CUST100439,PERSONAL LOAN,17882.42,8.16,06.07.2022,07-06-2033,Defaulted
LN701127,CUST100357,Personal,20682.2,9.82,11-28-2018,2034-11-28,Defaulted
LN700636,CUST102431,Student Loan,49419.34,3.36,15-Jun-2016,15.06.2022,Active
LN700348,CUST101245,Mortgage,279411.13,4.87,30.03.2014,30-Mar-2022,Active
LN700490,CUST102228,AUTO LOAN,9164.74,7.46,27.12.2015,2039-12-27,Active
LN701203,CUST102946,mortgage,389762.9,-3.5,03-Jul-2021,07-03-2024,Active
LN700966,CUST101060,STUDENT LOAN,57640.13,6.14,06-27-2014,27.06.2027,Active
LN700979,CUST100181,Home Loan,386362.88,5.6,11-09-2015,09/11/2040,Defaulted
LN700840,CUST101239,Student Loan,20058.83,5.61,13-Apr-2022,2036-04-13,
LN701112,CUST103090,student loan,31928.87,3.01,22.07.2018,22/07/2031,Closed
LN700897,CUST102489,student loan,29886.5,5.79,01-17-2021,01-17-2028,Defaulted
LN700491,CUST100323,Mortgage,306179.29,2.63,24.03.2020,24/03/2026,Defaulted
LN700552,CUST101919,mortgage,88860.52,3.14,02/03/2022,2040-03-02,Paid Off
LN700023,CUST101104,STUDENT LOAN,43078.44,6.67,11-May-2012,05-11-2018,Closed
LN700451,CUST102249,AUTO LOAN,18404.5,5.82,2014-10-13,13.10.2034,Paid Off
LN700772,CUST101126,MORTGAGE,251678.73,5.09,04-Dec-2019,04/12/2040,Closed
LN700635,CUST100469,mortgage,227085.01,6.03,29/06/2017,29/06/2028,Paid Off
LN700096,CUST101386,student loan,56664.19,3.49,19/09/2020,19/09/2022,Defaulted
LN700821,CUST100055,Student Loan,53651.7,4.29,10-Oct-2023,2040-10-10,Active
LN700164,CUST100083,auto loan,6286.88,0.0,12.11.2014,12/11/2033,Active
LN700294,CUST102281,PERSONAL LOAN,1447.34,11.53,19-Mar-2012,03-19-2027,Defaulted
LN700682,CUST102107,Personal,1375.72,11.61,2020-09-19,2023-09-19,Active
LN700676,CUST101519,Home Loan,366050.12,4.74,31/10/2010,10-31-2019,Active
LN701163,CUST102744,Personal Loan,16046.71,10.78,29.07.2020,29.07.2029,Active
LN700012,CUST100579,personal loan,24839.17,16.54,04-09-2020,09/04/2034,Paid Off
LN700730,CUST101863,Personal Loan,3124.15,17.96,08/08/2015,08-08-2016,Active
LN701134,CUST100194,Personal,2567.77,8.66,14/01/2013,01-14-2020,Active
LN700691,CUST100310,Car Loan,6914.29,11.85,21/02/2012,02-21-2026,Defaulted
LN700719,CUST101189,PERSONAL LOAN,17815.9,16.93,20/11/2012,11-20-2033,Active
LN700355,CUST102828,auto loan,18505.56,6.17,24-Oct-2016,24.10.2040,Closed
LN700843,CUST101181,Personal Loan,5538.35,9.1,11-08-2015,11-08-2028,Active
LN700680,CUST100405,STUDENT LOAN,34630.64,2.36,01/03/2015,01/03/2033,Active
LN701074,CUST101380,Home Loan,312287.76,45.0,2010-02-27,27/02/2031,Active
LN701097,CUST100367,student loan,24815.82,-3.5,28.09.2017,2019-09-28,Paid Off
LN700858,CUST100406,mortgage,351532.9,6.33,06-13-2017,06-13-2019,Defaulted
LN700756,CUST103068,Auto Loan,3130.31,9.37,2021-06-24,06-24-2031,
LN700046,CUST100849,Student Loan,26319.13,2.33,08.09.2013,2022-09-08,Paid Off
LN700745,CUST102619,personal loan,9171.48,16.37,2012-05-16,2036-05-16,Active
LN701000,CUST102189,student loan,49710.75,6.32,20/10/2010,20/10/2033,
LN701132,CUST101639,PERSONAL LOAN,6365.69,17.4,09-21-2016,21/09/2036,Paid Off
LN700042,CUST102324,Student Loan,37585.75,2.72,30.04.2018,30-Apr-2023,Defaulted
LN700787,CUST100862,STUDENT LOAN,48181.18,4.03,29.03.2016,03-29-2030,Paid Off
LN701205,CUST102082,Student Loan,50211.53,4.25,25/01/2022,25-Jan-2040,Active
LN700303,CUST103049,STUDENT LOAN,43789.7,3.26,28.03.2017,03-28-2025,Active
LN700244,CUST100155,STUDENT LOAN,22864.29,1.69,30-Dec-2016,30/12/2026,Paid Off
LN700141,CUST100230,Student Loan,14120.25,4.81,07-Nov-2015,07/11/2017,Active
LN700345,CUST102892,AUTO LOAN,26118.37,9.42,02-16-2012,2025-02-16,Active
LN701190,CUST102951,MORTGAGE,249322.61,3.01,02-17-2010,17.02.2028,Paid Off
LN700982,CUST100109,auto loan,38732.14,5.19,09-17-2020,17-Sep-2026,Active
LN700047,CUST102494,STUDENT LOAN,10204.76,2.1,07-Feb-2013,07.02.2019,Paid Off
LN700973,CUST101538,Student Loan,47936.05,-3.5,03-18-2015,18-Mar-2030,Active
LN700496,CUST101722,Auto Loan,37973.64,8.05,2014-08-26,2024-08-26,Active
LN701099,CUST100920,personal loan,6242.19,99.9,06.07.2022,06-Jul-2030,Paid Off
LN700798,CUST100841,Home Loan,220402.88,4.66,27/11/2011,27-Nov-2025,Closed
LN700132,CUST102399,Home Loan,391098.56,4.33,06-28-2021,2037-06-28,
LN700118,CUST102583,Personal Loan,17221.57,5.41,01-Feb-2012,2024-02-01,
LN701120,CUST102692,AUTO LOAN,37973.22,9.39,03-11-2021,11.03.2029,Paid Off
LN700216,CUST100870,MORTGAGE,392763.44,3.2,2010-05-06,05-06-2034,Paid Off
LN700418,CUST102505,MORTGAGE,128539.34,4.42,2017-02-13,13-Feb-2018,Paid Off
LN700426,CUST102560,Auto Loan,3326.99,9.48,15-Nov-2011,15-Nov-2014,Defaulted
LN700295,CUST102192,student loan,36960.04,45.0,28/04/2021,04-28-2040,Paid Off
LN701166,CUST101388,auto loan,8348.35,6.53,13.04.2011,04-13-2015,Defaulted
LN700842,CUST102719,STUDENT LOAN,37958.29,5.74,2016-12-08,12-08-2040,Closed
LN700949,CUST100183,MORTGAGE,160089.98,5.38,15-Oct-2015,2039-10-15,Defaulted
LN701147,CUST101997,Student Loan,48745.65,5.59,12-10-2011,10/12/2031,Defaulted
LN700814,CUST100606,Auto Loan,16294.97,6.22,10/05/2016,05-10-2027,Active
LN700697,CUST101969,MORTGAGE,415519.87,3.69,2012-05-21,05-21-2027,Closed
LN700813,CUST103062,Personal Loan,20806.61,8.9,18-Nov-2020,18-Nov-2038,Active
LN700254,CUST101900,PERSONAL LOAN,18407.97,6.29,13-May-2016,13/05/2033,Paid Off
LN700419,CUST100017,Home Loan,287584.07,4.59,02.08.2020,2034-08-02,Defaulted
LN700519,CUST101321,Personal Loan,24407.46,8.88,16.01.2023,01-16-2033,Closed
LN700666,CUST102537,Personal,6482.42,9.24,11-05-2014,11-05-2015,Active
LN700754,CUST101453,MORTGAGE,310540.79,3.12,2019-12-01,01/12/2040,Defaulted
LN700571,CUST103057,auto loan,12993.66,9.07,17.08.2017,17-Aug-2029,Active
LN700070,CUST100756,auto loan,19914.52,8.52,12-Jul-2018,12/07/2039,Closed
LN700878,CUST101712,Mortgage,310703.85,2.75,08-Jan-2015,2017-01-08,
LN700698,CUST102716,Auto Loan,28651.55,8.66,03-04-2023,2036-03-04,Closed
LN700370,CUST102592,Mortgage,108780.51,4.28,05-Jan-2020,01-05-2031,Defaulted
LN701028,CUST102561,Student Loan,16366.59,3.47,06/06/2017,06/06/2035,Paid Off
LN700703,CUST102615,STUDENT LOAN,10515.54,3.24,01.09.2014,09-01-2036,
LN700539,CUST102207,AUTO LOAN,11344.26,7.0,23/12/2018,23/12/2023,
LN700992,CUST101534,student loan,14974.19,2.8,10/04/2018,2038-04-10,Closed
LN700501,CUST102089,personal loan,22670.7,6.77,10-Mar-2018,10/03/2040,
LN700986,CUST102703,mortgage,362592.36,5.82,21/09/2023,2039-09-21,Defaulted
LN700371,CUST102950,auto loan,14447.39,6.09,21/12/2023,21/12/2034,Defaulted
LN700618,CUST100651,AUTO LOAN,20397.89,4.39,05-27-2018,27.05.2022,
LN701216,CUST102225,Mortgage,398223.1,4.4,30.07.2015,07-30-2033,Defaulted
LN700958,CUST101110,Car Loan,28407.1,99.9,20.01.2010,20/01/2026,Defaulted
LN700837,CUST100977,auto loan,32598.03,11.36,02-24-2010,24.02.2030,Active
LN700258,CUST102389,AUTO LOAN,39147.64,4.38,2019-01-16,2029-01-16,Paid Off
LN700532,CUST101223,AUTO LOAN,10350.39,5.04,05-07-2016,07.05.2028,Defaulted
LN700660,CUST100909,personal loan,17172.37,16.2,27/01/2016,01-27-2024,Closed
LN700106,CUST101000,STUDENT LOAN,47008.35,2.86,28.12.2017,28-Dec-2032,Active
LN700415,CUST101439,personal loan,2369.04,9.15,03/04/2018,03-Apr-2024,
LN700963,CUST100339,AUTO LOAN,15180.79,10.53,2011-11-30,30-Nov-2018,Defaulted
LN701009,CUST103093,PERSONAL LOAN,17611.5,10.88,15.07.2023,15-Jul-2035,Active
LN700166,CUST100568,MORTGAGE,401334.95,6.45,04-03-2013,03/04/2020,Paid Off
LN701072,CUST101410,mortgage,180873.48,6.48,15-Jan-2014,2018-01-15,Closed
LN700289,CUST102582,auto loan,22892.77,6.2,21/12/2011,12-21-2031,Defaulted
LN700675,CUST102413,Home Loan,290420.04,6.12,12-12-2011,12-Dec-2017,Defaulted
LN700245,CUST102182,Personal,4295.34,14.82,01-Aug-2012,08-01-2030,Closed
LN700207,CUST102596,personal loan,14989.78,15.0,26/11/2016,26.11.2027,Closed
LN700020,CUST100891,STUDENT LOAN,40160.96,1.53,2021-03-11,11-Mar-2026,Closed
LN700060,CUST102750,mortgage,308076.54,5.7,09/04/2014,09/04/2023,Defaulted
LN700082,CUST102589,student loan,10551.31,4.93,29-Aug-2017,08-29-2034,Active
LN700427,CUST100713,mortgage,178979.52,5.38,28.08.2022,08-28-2023,Paid Off
LN700471,CUST100065,MORTGAGE,433151.39,6.4,29-Jan-2015,2024-01-29,Active
LN700248,CUST101908,AUTO LOAN,17669.07,6.08,22.04.2022,2040-04-22,Paid Off
LN700137,CUST102056,Personal Loan,6547.05,6.12,06-03-2010,06-03-2035,Paid Off
LN700221,CUST100670,AUTO LOAN,22934.33,9.08,28-Jul-2012,2021-07-28,Closed
LN701103,CUST100636,Personal Loan,18081.06,13.75,2015-09-23,23/09/2019,Active
LN700706,CUST102645,mortgage,397946.24,-3.5,09-19-2012,19.09.2019,Defaulted
LN700623,CUST100467,student loan,25246.14,5.22,21/02/2017,02-21-2038,Defaulted
LN701158,CUST102295,Auto Loan,38846.89,4.5,2015-01-22,22/01/2019,Closed
LN700695,CUST102199,mortgage,209968.61,6.17,15-Sep-2022,2026-09-15,Defaulted
LN700671,CUST100707,auto loan,34097.22,5.98,28.12.2017,28.12.2036,Closed
LN700408,CUST101653,Student Loan,35586.83,4.73,01-23-2011,2022-01-23,Paid Off
LN700324,CUST103114,MORTGAGE,87346.13,2.94,04-04-2016,04.04.2028,Closed
LN701173,CUST101713,MORTGAGE,315023.89,3.37,13-Aug-2013,2037-08-13,Defaulted
LN700361,CUST100675,Car Loan,37200.81,6.39,07-21-2022,2040-07-21,Active
LN701182,CUST101850,Personal Loan,12912.47,6.88,2013-02-06,02-06-2032,Defaulted
LN700409,CUST102527,student loan,18331.24,6.39,01-Feb-2010,01.02.2029,Closed
LN700076,CUST102259,Student Loan,48540.6,2.29,20.06.2012,2021-06-20,Defaulted
LN701005,CUST101799,Home Loan,272091.31,2.82,2023-04-08,08/04/2040,Closed
LN700755,CUST100276,personal loan,8973.2,14.38,07-13-2023,2040-07-13,Active
LN700782,CUST100790,PERSONAL LOAN,1217.56,14.76,21/01/2012,2033-01-21,Active
LN700465,CUST100662,PERSONAL LOAN,11692.78,16.49,14/06/2013,2025-06-14,Paid Off
LN700594,CUST100821,Home Loan,433884.24,4.36,30/08/2018,30-Aug-2025,Defaulted
LN701004,CUST102257,Student Loan,32821.95,5.15,17/07/2019,07-17-2038,Closed
LN700808,CUST101864,Home Loan,260773.96,4.31,14/09/2021,14.09.2040,Closed
LN701101,CUST100764,mortgage,350762.37,-3.5,03/06/2011,03.06.2015,Defaulted
LN700185,CUST101479,Student Loan,39219.84,3.37,22.01.2012,2035-01-22,Closed
LN700696,CUST100288,AUTO LOAN,10866.51,6.44,2012-06-18,18-Jun-2033,Closed
LN700716,CUST100872,Mortgage,172128.88,5.88,04-03-2020,03-Apr-2040,Paid Off
LN700268,CUST102786,Student Loan,22838.2,2.95,2012-04-09,09.04.2013,Paid Off
LN700743,CUST100701,student loan,31215.99,2.15,09-Nov-2012,09/11/2037,Defaulted
LN700211,CUST101843,Student Loan,47312.07,3.43,14.11.2021,14-Nov-2040,Active
LN700423,CUST101231,Personal Loan,1099.67,14.34,17.03.2011,17/03/2028,Closed
LN700168,CUST100975,STUDENT LOAN,34368.54,6.05,2014-09-14,2020-09-14,Paid Off
LN700926,CUST101395,mortgage,383422.69,3.7,14.03.2011,2029-03-14,Paid Off
LN701053,CUST101312,Mortgage,383891.27,5.39,29/12/2010,29-Dec-2012,Closed
LN700085,CUST102812,STUDENT LOAN,58500.04,3.68,21-Oct-2013,21-Oct-2018,Defaulted
LN700871,CUST102374,personal loan,4597.11,12.92,28/06/2012,28/06/2035,Closed
LN700111,CUST102570,personal loan,7194.37,12.76,2014-09-21,21-Sep-2026,Paid Off
LN700607,CUST101563,personal loan,6973.15,11.32,16.09.2021,09-16-2034,Defaulted
LN700225,CUST102548,personal loan,3553.53,10.79,17/05/2016,05-17-2027,Closed
LN700909,CUST101585,MORTGAGE,177417.53,2.79,15-Jan-2016,2027-01-15,Closed
LN701159,CUST101546,STUDENT LOAN,45627.8,45.0,29/12/2021,29.12.2029,Active
LN700860,CUST100218,mortgage,429522.74,2.73,27/01/2015,2037-01-27,Defaulted
LN700508,CUST101704,personal loan,16015.33,12.93,2021-02-16,16.02.2040,Closed
LN700074,CUST100924,Personal Loan,12827.69,9.75,13/09/2018,13/09/2036,Paid Off
LN700414,CUST103120,Student Loan,35143.28,2.79,2023-12-14,14-Dec-2040,Closed
LN700156,CUST100079,Car Loan,31641.58,5.88,16/12/2023,16-Dec-2039,Active
LN700823,CUST100521,Personal Loan,2736.62,9.38,17.01.2010,17-Jan-2013,Defaulted
LN700293,CUST100850,mortgage,228751.9,5.27,11.12.2012,11/12/2033,Paid Off
LN701209,CUST101617,STUDENT LOAN,10960.74,4.13,07.04.2010,2011-04-07,Active
LN701060,CUST101670,AUTO LOAN,22813.72,6.37,23-Nov-2012,23-Nov-2031,Closed
LN700215,CUST101826,Student Loan,56097.59,1.82,07-12-2014,12.07.2037,Closed
LN700922,CUST102236,auto loan,12952.78,11.25,08/11/2013,08.11.2014,Paid Off
LN700868,CUST102702,auto loan,4387.28,8.66,2016-08-13,13/08/2020,Paid Off
LN700593,CUST100269,Student Loan,49994.43,0.0,04-Nov-2014,2039-11-04,Defaulted
LN700915,CUST102740,Personal,17438.89,6.4,21.09.2023,21-Sep-2040,Active
LN700663,CUST100224,Car Loan,9686.77,11.09,03-21-2022,21/03/2040,Defaulted
LN700406,CUST101550,Student Loan,22483.91,5.46,26.02.2016,26.02.2026,
LN700495,CUST102079,Home Loan,157951.76,6.18,2021-07-03,03/07/2031,Active
LN700425,CUST101412,mortgage,438585.12,3.54,2014-02-03,03/02/2026,Paid Off
LN700845,CUST102851,PERSONAL LOAN,7703.33,6.62,24/04/2016,24.04.2038,Active
LN700518,CUST102643,Car Loan,30684.64,10.23,09-13-2022,13-Sep-2030,Paid Off
LN700115,CUST100018,AUTO LOAN,23681.1,9.98,25/11/2014,11-25-2027,Defaulted
LN700228,CUST101056,Personal,3047.04,5.72,17.01.2013,17.01.2017,
LN700609,CUST101591,student loan,32572.52,2.44,25-Apr-2023,2027-04-25,Active
LN701186,CUST102186,student loan,37685.42,2.51,2018-05-23,23-May-2028,Defaulted
LN701064,CUST101694,AUTO LOAN,6106.85,11.6,03.03.2019,03-03-2020,Active
LN700867,CUST100416,Personal Loan,23231.33,17.57,12-Jun-2014,06-12-2021,Defaulted
LN701048,CUST101595,STUDENT LOAN,56999.85,5.7,2011-11-19,2012-11-19,Paid Off
LN701222,CUST100359,Car Loan,21724.77,10.4,06-11-2021,06-11-2040,Active
LN700570,CUST102030,auto loan,13937.15,8.73,12-20-2016,20.12.2039,Defaulted
LN701075,CUST102862,PERSONAL LOAN,8824.87,15.33,31/05/2012,31/05/2014,Closed
LN700389,CUST101295,STUDENT LOAN,24222.39,5.41,29-Aug-2011,2014-08-29,Paid Off
LN700562,CUST101032,auto loan,12362.11,8.28,11.04.2016,11/04/2017,Paid Off
LN701035,CUST100002,Auto Loan,14756.4,6.82,17-Aug-2013,2020-08-17,Defaulted
LN700318,CUST100187,Home Loan,169187.94,4.38,19-Dec-2016,19/12/2039,Paid Off
LN700736,CUST103035,Personal,16502.19,9.41,16/07/2015,07-16-2023,Closed
LN700269,CUST101584,STUDENT LOAN,46089.15,4.66,05-05-2020,05/05/2035,
LN701108,CUST101537,STUDENT LOAN,11486.37,6.33,01/04/2020,2028-04-01,Active
LN701078,CUST101183,AUTO LOAN,10291.01,11.49,03-05-2010,2017-03-05,Active
LN700428,CUST101649,Personal,17831.57,14.13,08-Mar-2021,08/03/2029,Paid Off
LN700914,CUST102814,MORTGAGE,443333.85,6.14,28/02/2014,28.02.2016,Active
LN700865,CUST102499,student loan,50395.47,2.9,17/06/2022,17/06/2040,Active
LN701229,CUST101233,Personal Loan,7997.58,15.06,08-31-2022,31-Aug-2032,Defaulted
LN700747,CUST101652,STUDENT LOAN,29856.5,3.54,20.07.2019,2022-07-20,Defaulted
LN700041,CUST101086,Personal,3923.8,6.84,03-12-2011,03-12-2018,Active
LN700313,CUST101472,auto loan,29228.74,11.78,14.01.2018,14/01/2019,Defaulted
LN700836,CUST102995,Student Loan,40875.54,45.0,2018-01-22,01-22-2019,Closed
LN700492,CUST100762,PERSONAL LOAN,9918.61,13.08,05-07-2016,2030-05-07,Closed
LN701067,CUST102519,STUDENT LOAN,52267.4,5.12,02-26-2010,2033-02-26,Closed
LN700339,CUST102981,personal loan,16890.91,12.19,17.01.2011,2020-01-17,Paid Off
LN700804,CUST101513,MORTGAGE,123359.45,4.39,30-Apr-2010,2026-04-30,Paid Off
LN700395,CUST102728,STUDENT LOAN,23748.29,2.88,06-20-2016,2019-06-20,Active
LN700320,CUST102778,Student Loan,47055.13,5.22,10/02/2010,10.02.2021,Paid Off
LN700332,CUST100759,student loan,34405.1,4.74,2017-10-12,12-Oct-2034,Paid Off
LN700757,CUST100395,Auto Loan,16667.42,11.31,01-30-2023,2040-01-30,Paid Off
LN700687,CUST100966,student loan,11876.47,2.01,08-18-2015,08-18-2019,Defaulted
LN700404,CUST101379,student loan,37680.5,6.75,05/09/2022,05.09.2040,Closed
LN700731,CUST101076,Auto Loan,34992.6,7.57,08-21-2020,21-Aug-2040,Active
LN700151,CUST101087,MORTGAGE,85053.77,2.61,2013-06-22,22.06.2034,Defaulted
LN701236,CUST102109,Personal Loan,9750.98,9.38,06.10.2020,10-06-2040,Paid Off
LN700027,CUST100565,auto loan,18256.94,4.62,14/07/2012,14/07/2035,Active
LN700561,CUST100116,personal loan,24354.73,13.86,12-05-2020,05.12.2038,Closed
LN700174,CUST102522,Home Loan,411282.54,4.11,29.12.2022,2040-12-29,
LN700795,CUST100227,Personal,8309.76,5.12,04-Jun-2011,04/06/2032,Active
LN700634,CUST101274,Mortgage,330999.39,0.0,19-May-2022,2031-05-19,Active
LN700029,CUST101671,Student Loan,34422.72,6.42,31-May-2019,2026-05-31,Closed
LN701142,CUST100510,Car Loan,12766.72,8.67,01-16-2014,2033-01-16,
LN701234,CUST102139,personal loan,10205.04,16.82,12-16-2020,16-Dec-2029,Defaulted
LN701041,CUST102485,mortgage,193889.62,4.28,08-23-2010,23-Aug-2033,Paid Off
LN700018,CUST101832,personal loan,12981.69,6.39,2023-06-14,06-14-2030,Paid Off
LN701055,CUST100484,student loan,45174.69,3.08,04-Jul-2022,07-04-2040,Closed
LN700467,CUST102048,Home Loan,344904.49,3.1,19.02.2023,2026-02-19,Closed
LN701043,CUST101930,Student Loan,54343.69,4.73,2017-02-16,16/02/2018,Paid Off
LN700154,CUST101165,mortgage,205980.65,4.7,07-13-2016,2018-07-13,Active
LN700034,CUST101886,STUDENT LOAN,54556.68,4.28,03-07-2019,2034-03-07,Defaulted
LN700686,CUST103101,Personal,17139.32,17.71,2018-06-05,05/06/2029,Paid Off
LN700723,CUST102832,STUDENT LOAN,22428.92,4.92,01-26-2011,26/01/2029,Paid Off
LN700895,CUST102774,Student Loan,17106.63,3.66,15-Dec-2011,15.12.2015,Defaulted
LN701241,CUST102712,student loan,25097.66,1.92,12-22-2021,12-22-2036,Active
LN701021,CUST100112,PERSONAL LOAN,7109.66,6.64,27/03/2017,2031-03-27,Closed
LN700692,CUST101731,personal loan,5112.85,9.35,13.06.2010,13-Jun-2011,Closed
LN700235,CUST101255,personal loan,19002.06,5.4,2015-08-10,08-10-2032,Closed
LN700309,CUST101489,Personal Loan,2348.12,5.34,2019-11-09,2020-11-09,Active
LN701098,CUST102933,student loan,19809.84,3.61,20/06/2016,2040-06-20,Paid Off
LN700661,CUST102975,Auto Loan,13568.62,4.4,05-Jan-2016,2024-01-05,Defaulted
LN700708,CUST101266,student loan,44881.92,5.73,2020-06-03,03/06/2040,Defaulted
LN701054,CUST101569,Mortgage,215594.71,3.67,08/07/2021,07-08-2040,Active
LN700208,CUST102959,Personal,9692.22,6.85,16.07.2022,2026-07-16,Defaulted
LN700417,CUST101441,personal loan,16341.94,13.82,2018-06-04,04.06.2035,Paid Off
LN701176,CUST102047,AUTO LOAN,39683.66,9.08,19/12/2017,12-19-2018,Active
LN700091,CUST100688,Personal,20482.39,8.55,2023-05-29,05-29-2040,Active
LN700402,CUST102469,Personal,22958.53,9.18,03-Jul-2016,2036-07-03,Paid Off
LN700157,CUST100028,Car Loan,27023.78,9.13,25-Nov-2011,25.11.2016,Active
LN700322,CUST101907,auto loan,33475.77,4.86,26/10/2012,26/10/2037,Closed
LN700196,CUST100916,student loan,59118.24,4.05,09.01.2013,09.01.2025,Paid Off
LN700582,CUST100954,Personal Loan,15778.14,99.9,09-05-2018,05-Sep-2029,Defaulted
LN700040,CUST102835,Auto Loan,27888.58,7.71,09-04-2012,04.09.2032,Defaulted
LN700824,CUST102474,Home Loan,317483.39,2.53,2013-01-26,26.01.2035,Defaulted
LN700337,CUST102477,PERSONAL LOAN,17076.81,7.26,03-Jun-2021,06-03-2040,Closed
LN700961,CUST102465,Student Loan,13698.45,5.86,2019-11-23,23.11.2040,Paid Off
LN700301,CUST103095,AUTO LOAN,33908.66,6.46,2013-12-01,01.12.2024,Paid Off
LN700631,CUST102208,personal loan,2491.84,15.08,10/10/2017,10-10-2039,Active
LN700275,CUST101608,Personal Loan,2284.38,7.55,10.11.2014,10.11.2018,Paid Off
LN700887,CUST100880,Personal,15937.51,16.03,2014-12-01,12-01-2035,Closed
LN700738,CUST100826,auto loan,15213.31,0.0,10/06/2021,10-Jun-2039,
LN701031,CUST101911,personal loan,8205.18,9.72,02/03/2016,02.03.2039,Defaulted
LN700148,CUST102238,Personal,3289.53,9.17,01.07.2013,2036-07-01,Defaulted
LN701180,CUST101702,Auto Loan,12258.02,8.94,24.10.2010,2023-10-24,Paid Off
LN700946,CUST100491,student loan,25111.27,2.21,29.06.2010,29/06/2026,Paid Off
LN700643,CUST102706,MORTGAGE,287560.95,4.55,05-Sep-2023,05.09.2035,Active
LN701139,CUST100299,AUTO LOAN,36365.71,6.5,2020-08-11,2040-08-11,Closed
LN700970,CUST103009,Car Loan,15184.0,7.35,25/10/2014,10-25-2032,
LN700325,CUST101967,Personal Loan,10856.57,8.88,17-Apr-2015,04-17-2037,Active
LN701100,CUST100725,Personal Loan,10810.25,15.25,2012-09-16,09-16-2034,Defaulted
LN700199,CUST102977,Student Loan,57433.74,4.59,23/09/2015,2035-09-23,Active
LN700554,CUST100072,auto loan,18206.39,-3.5,01-18-2011,18.01.2024,Closed
LN700831,CUST100995,personal loan,4664.01,11.86,20.05.2017,2036-05-20,Active
LN700261,CUST100198,Student Loan,38341.89,2.11,12.07.2016,12-Jul-2033,Active
LN700195,CUST102198,PERSONAL LOAN,4540.09,17.73,06-22-2018,22.06.2022,Closed
LN700803,CUST100538,Mortgage,350677.43,2.53,07-May-2021,07/05/2040,
LN700770,CUST100228,Car Loan,25338.32,11.74,2014-08-13,13/08/2018,Paid Off
LN700913,CUST102288,personal loan,15469.96,11.82,30.03.2014,30.03.2019,Paid Off
LN700135,CUST102547,Mortgage,386791.81,5.61,09-15-2018,15/09/2040,Active
LN700933,CUST103000,AUTO LOAN,30181.27,9.33,04-25-2018,25-Apr-2025,Defaulted
LN700971,CUST101765,student loan,9679.89,6.06,11-Jan-2018,11-Jan-2040,Paid Off
LN701130,CUST100555,Home Loan,397421.08,3.24,2015-02-13,13.02.2035,Paid Off
LN700394,CUST102815,personal loan,15972.03,11.92,10-09-2013,09/10/2017,Defaulted
LN700521,CUST102782,student loan,58966.98,4.29,20.09.2023,2040-09-20,Paid Off
LN701057,CUST100374,Student Loan,27784.11,4.23,20-Apr-2022,04-20-2040,Defaulted
LN700504,CUST100857,student loan,47660.72,4.66,06-Apr-2016,2018-04-06,Defaulted
LN700233,CUST102430,auto loan,14966.86,6.03,13.09.2013,13-Sep-2033,Defaulted
LN700107,CUST100715,MORTGAGE,80404.32,5.03,2012-08-09,09.08.2025,Active
LN700758,CUST102052,Car Loan,37701.31,11.34,2011-08-19,19/08/2020,Paid Off
LN700509,CUST100810,STUDENT LOAN,31517.9,6.72,08-17-2019,17-Aug-2025,Defaulted
LN700475,CUST100363,Auto Loan,3485.23,8.79,2016-07-19,07-19-2027,Active
LN700431,CUST101818,PERSONAL LOAN,19900.99,12.03,20-Jun-2010,2034-06-20,Defaulted
LN700718,CUST102176,PERSONAL LOAN,20393.95,6.79,16/12/2020,2036-12-16,Active
LN700186,CUST101948,MORTGAGE,235180.55,2.81,2015-11-27,11-27-2027,Defaulted
LN701036,CUST101881,STUDENT LOAN,53203.92,4.68,2011-10-25,10-25-2029,Paid Off
LN700886,CUST100241,STUDENT LOAN,50995.53,0.0,2012-07-14,2019-07-14,Closed
LN701030,CUST101660,student loan,22392.68,5.04,28/05/2023,2040-05-28,Closed
LN700701,CUST100191,AUTO LOAN,31623.19,11.95,21-Jun-2010,21/06/2034,Active
LN701128,CUST101618,AUTO LOAN,12111.0,8.93,31-Jul-2023,31.07.2029,Paid Off
LN700298,CUST100881,Home Loan,163916.5,2.68,09-17-2014,17/09/2019,Active
LN700204,CUST101167,Student Loan,50510.88,5.6,22-May-2023,05-22-2040,Paid Off
LN700603,CUST102674,Personal Loan,3475.24,11.95,03-25-2020,2025-03-25,Closed
LN700596,CUST101370,Car Loan,31388.98,11.17,2022-10-24,10-24-2040,Closed
LN700951,CUST102299,personal loan,19235.54,15.73,11-Dec-2020,12-11-2039,Closed
LN701017,CUST101241,Car Loan,12513.73,6.66,05-Apr-2021,05-Apr-2024,Paid Off
LN700368,CUST100279,personal loan,9122.93,10.03,01-06-2011,2026-01-06,
LN700299,CUST100771,Student Loan,46758.09,2.96,09-18-2023,18.09.2027,Active
LN700984,CUST101467,Car Loan,33398.31,5.26,01/07/2013,07-01-2028,Active
LN700535,CUST101057,Personal Loan,2329.17,14.71,28.06.2013,28/06/2027,Active
LN700306,CUST100034,personal loan,11492.69,10.28,19-Oct-2022,19-Oct-2040,Defaulted
LN700597,CUST102415,personal loan,6157.69,13.56,10-05-2016,2032-10-05,Defaulted
LN700117,CUST101482,Auto Loan,20551.24,6.24,19/08/2021,19/08/2029,Defaulted
LN700576,CUST100384,Auto Loan,13493.07,9.72,17-Feb-2017,17.02.2037,Active
LN701160,CUST100012,PERSONAL LOAN,20971.9,6.41,18.03.2023,2038-03-18,Defaulted
LN700013,CUST101871,AUTO LOAN,3243.32,8.31,12/02/2017,12.02.2037,Active
LN700176,CUST101038,Mortgage,282998.34,3.19,2022-05-27,27/05/2040,Active
LN700916,CUST101788,STUDENT LOAN,22404.6,4.1,27/02/2019,27-Feb-2038,Paid Off
LN700334,CUST101360,student loan,43953.5,4.3,2016-10-04,10-04-2029,Active
LN700169,CUST101924,Car Loan,20515.06,4.19,19.10.2022,19.10.2027,Closed
LN700773,CUST102121,STUDENT LOAN,52298.17,6.51,06-06-2013,2015-06-06,Active
LN700344,CUST100430,PERSONAL LOAN,20062.09,8.57,31-Dec-2017,31.12.2040,
LN700243,CUST101252,auto loan,6391.51,8.54,09-May-2012,2024-05-09,Defaulted
LN700559,CUST102610,AUTO LOAN,16948.52,11.46,27/04/2011,04-27-2025,Active
LN700234,CUST100049,Mortgage,212479.77,2.95,06.12.2020,2040-12-06,Defaulted
LN700373,CUST100985,mortgage,183339.94,4.0,23.11.2010,2028-11-23,Closed
LN701133,CUST101990,MORTGAGE,117487.1,6.06,2010-10-01,10-01-2018,Paid Off
LN700384,CUST100564,Home Loan,267612.29,0.0,21.12.2023,2025-12-21,Defaulted
LN700846,CUST102696,auto loan,39284.9,7.79,2016-04-07,07/04/2025,Closed
LN700110,CUST101887,Mortgage,387522.44,6.38,07-Apr-2023,07/04/2038,Paid Off
LN700924,CUST100837,STUDENT LOAN,16510.11,2.47,14-Jan-2015,14.01.2018,Active
LN700658,CUST102378,Car Loan,8520.67,11.54,20/04/2016,04-20-2035,Active
LN700919,CUST101342,personal loan,22648.97,11.98,12.04.2012,2034-04-12,Defaulted
LN700935,CUST100601,STUDENT LOAN,17092.3,4.83,22-Sep-2014,2021-09-22,Paid Off
LN700784,CUST102637,Car Loan,28280.87,5.96,04.03.2021,04/03/2033,Active
LN700538,CUST102997,Home Loan,214359.84,4.76,04-Jun-2020,2040-06-04,Closed
LN700874,CUST100318,STUDENT LOAN,14910.94,6.07,10-26-2010,2023-10-26,Paid Off
LN700785,CUST100004,personal loan,11487.07,5.79,25.08.2022,25/08/2030,Closed
LN700138,CUST103050,STUDENT LOAN,21434.44,3.36,26.04.2015,2016-04-26,Active
LN700437,CUST101398,auto loan,27894.41,4.28,25/09/2013,25.09.2023,Active
LN701228,CUST102304,STUDENT LOAN,15859.88,5.36,2022-01-13,2040-01-13,Closed
LN700627,CUST101844,Personal,6148.58,8.39,29/04/2023,2028-04-29,Defaulted
LN700083,CUST100479,student loan,34126.52,3.95,19-Aug-2011,19-Aug-2022,Active
LN700016,CUST100757,Car Loan,23013.83,10.25,22.01.2010,22/01/2019,Paid Off
LN700010,CUST100617,Personal,24628.79,8.0,2014-08-25,25/08/2017,Active
LN700604,CUST100352,mortgage,184377.96,3.45,19.09.2016,19.09.2029,Paid Off
LN700043,CUST102357,Student Loan,48646.72,3.18,06-30-2010,2023-06-30,Closed
LN700835,CUST102458,PERSONAL LOAN,18995.97,15.17,08-12-2022,12.08.2040,Active
LN700393,CUST102175,Personal,10157.35,17.91,2012-02-11,11.02.2035,Defaulted
LN700267,CUST101326,PERSONAL LOAN,5190.29,12.3,02-15-2020,02-15-2025,Paid Off
LN700015,CUST101641,Auto Loan,8337.91,8.0,08-Jan-2011,08-Jan-2032,Paid Off
LN701152,CUST100698,Personal,15353.1,17.84,09.04.2018,09.04.2040,Paid Off
LN700581,CUST101626,Personal,14333.16,12.55,27.11.2016,27/11/2039,Defaulted
LN701214,CUST100290,Home Loan,216230.92,5.9,2017-08-24,24.08.2021,Defaulted
LN700725,CUST101810,Home Loan,135088.95,2.95,02.06.2022,02-Jun-2040,Closed
LN700097,CUST100706,Home Loan,248860.17,5.19,03-03-2022,03-Mar-2028,
LN700525,CUST100728,auto loan,29668.23,99.9,04.07.2018,04-Jul-2024,Closed
LN700617,CUST101665,auto loan,12871.03,5.16,24-Jan-2012,24/01/2033,Active
LN700763,CUST101754,student loan,27888.51,4.85,20/04/2014,20/04/2033,Defaulted
LN700075,CUST100846,Personal Loan,13992.51,15.59,02-19-2020,19-Feb-2033,Defaulted
LN700178,CUST102768,PERSONAL LOAN,5392.22,14.16,2020-08-27,27-Aug-2032,Paid Off
LN700048,CUST101839,Home Loan,159424.33,3.05,03-09-2021,09/03/2034,Paid Off
LN701033,CUST101257,student loan,41936.99,1.65,08-30-2019,30.08.2026,Defaulted
LN701016,CUST100266,STUDENT LOAN,16319.42,5.08,05/07/2015,05.07.2021,Closed
LN700050,CUST100526,MORTGAGE,103957.22,99.9,23-Nov-2019,2030-11-23,Closed
LN700153,CUST100576,Car Loan,23388.78,9.41,05-Apr-2015,05-Apr-2039,Closed
LN701086,CUST101925,Auto Loan,31740.91,45.0,09-30-2017,30.09.2034,Paid Off
LN700715,CUST100620,Home Loan,377723.76,5.14,04.01.2020,04.01.2039,Closed
LN700805,CUST101745,Auto Loan,8796.75,6.35,23/10/2013,23-Oct-2035,Paid Off
LN700282,CUST100879,Home Loan,311465.34,0.0,31.03.2014,03-31-2037,Defaulted
LN700099,CUST100856,AUTO LOAN,36473.64,6.13,09-01-2021,2024-09-01,Defaulted
LN700882,CUST101642,student loan,40087.24,6.24,06.08.2022,06.08.2032,Closed
LN701071,CUST102913,Mortgage,444535.74,2.66,13-Dec-2018,13/12/2036,Active
LN700356,CUST100522,PERSONAL LOAN,24308.09,13.19,25.02.2014,25/02/2035,Paid Off
LN700853,CUST100674,student loan,48951.74,2.35,19/07/2021,19-Jul-2040,Active
LN700217,CUST100355,auto loan,5643.06,7.98,24.07.2013,2022-07-24,Paid Off
LN701038,CUST102311,MORTGAGE,82818.72,45.0,20.03.2010,03-20-2025,Defaulted
LN701199,CUST101216,STUDENT LOAN,41565.37,4.09,02-07-2020,07/02/2040,Paid Off
LN700599,CUST100104,Student Loan,12680.0,0.0,11.01.2015,11-Jan-2017,Active
LN701012,CUST100225,Personal Loan,21017.34,13.7,2011-08-30,30-Aug-2036,Active
LN700378,CUST102019,PERSONAL LOAN,23576.34,7.13,23-May-2014,05-23-2031,Active
LN700080,CUST101399,mortgage,420721.91,4.71,2010-06-27,27/06/2032,Defaulted
LN700614,CUST102848,Mortgage,187698.49,3.97,10-17-2022,10-17-2037,Paid Off
LN701240,CUST101190,MORTGAGE,348325.44,3.76,03.04.2019,03/04/2040,Active
LN700630,CUST102544,STUDENT LOAN,52296.04,1.71,22-Sep-2014,22.09.2034,Defaulted
LN700315,CUST102262,Personal,12357.39,17.86,03-29-2023,29.03.2024,Closed
LN700936,CUST102093,STUDENT LOAN,18769.23,3.22,11-Jun-2013,11/06/2031,Defaulted
LN700976,CUST101558,STUDENT LOAN,55519.99,1.62,01-19-2022,19.01.2029,Paid Off
LN700061,CUST100214,MORTGAGE,171065.93,3.0,23.04.2012,23/04/2032,Paid Off
LN700655,CUST102689,auto loan,27310.58,11.09,14-Sep-2021,2035-09-14,Paid Off
LN700565,CUST101545,auto loan,6210.46,99.9,04-12-2016,12-Apr-2028,Paid Off
LN701113,CUST100136,MORTGAGE,243919.83,4.26,29-Sep-2010,29-Sep-2018,Closed
LN700474,CUST101018,Mortgage,204912.89,3.68,04-Jun-2014,2022-06-04,
LN700396,CUST102669,AUTO LOAN,17576.72,6.86,15/04/2015,15.04.2040,Defaulted
LN700534,CUST100123,Auto Loan,8095.57,5.29,03-19-2017,03-19-2020,Defaulted
LN701089,CUST102985,AUTO LOAN,25630.72,8.47,01-17-2020,17/01/2030,Defaulted
LN701188,CUST100087,Personal,10233.88,5.86,21-Jun-2020,2028-06-21,Paid Off
LN700346,CUST101258,PERSONAL LOAN,21732.72,6.74,12/12/2012,12/12/2014,
LN700650,CUST102611,personal loan,24720.55,15.83,2018-09-22,09-22-2026,
LN701018,CUST102530,Auto Loan,12248.33,9.55,18.12.2014,2028-12-18,Defaulted
LN700849,CUST102216,personal loan,20012.29,12.26,04-26-2017,26.04.2021,Closed
LN700907,CUST102971,Home Loan,408098.24,5.56,12-07-2019,2040-12-07,Defaulted
LN700626,CUST100733,STUDENT LOAN,35526.98,1.77,05-14-2012,14/05/2030,Defaulted
LN700445,CUST102656,student loan,59780.46,2.43,25.09.2015,25/09/2037,Closed
LN700510,CUST100983,Student Loan,42099.14,4.36,09-04-2020,04.09.2040,Closed
LN700516,CUST102647,MORTGAGE,374836.55,5.27,2017-11-28,11-28-2040,Closed
LN700300,CUST101527,STUDENT LOAN,11787.23,5.3,14-May-2018,05-14-2040,Active
LN701155,CUST100676,Auto Loan,35529.83,5.47,28/05/2020,2037-05-28,Paid Off
LN700765,CUST102648,Mortgage,178080.69,4.07,2017-01-07,07/01/2039,Paid Off
LN700573,CUST103034,Personal Loan,6879.99,7.53,02-06-2017,2026-02-06,Paid Off
LN700957,CUST100569,auto loan,13880.65,5.07,22.02.2020,2038-02-22,Defaulted
LN700473,CUST100073,Auto Loan,18056.41,10.49,08/08/2018,08-Aug-2030,Active
LN701247,CUST102854,Personal Loan,11743.41,14.77,08-17-2015,17/08/2024,Defaulted
LN700517,CUST102783,PERSONAL LOAN,13372.1,10.77,2013-06-23,23.06.2025,Paid Off
LN700744,CUST101619,auto loan,6194.67,8.26,11/12/2021,11.12.2040,Closed
LN700296,CUST100257,Personal Loan,19417.72,8.87,15/01/2018,15/01/2021,Paid Off
LN700121,CUST102859,auto loan,39689.83,10.35,05-Apr-2022,05-Apr-2027,Defaulted
LN701136,CUST101311,MORTGAGE,386796.5,5.54,2022-11-22,2030-11-22,Defaulted
LN701164,CUST103073,AUTO LOAN,31746.14,10.12,2020-10-24,10-24-2024,Closed
LN701052,CUST101988,MORTGAGE,194409.29,3.09,08/03/2015,2025-03-08,Closed
LN700898,CUST101718,Home Loan,218700.91,3.62,2014-04-19,19.04.2036,Active
LN700988,CUST100300,student loan,20972.18,5.23,09-03-2018,09-03-2031,Paid Off
LN700881,CUST103105,STUDENT LOAN,42446.2,2.28,30.05.2022,05-30-2032,Closed
LN700589,CUST102891,Mortgage,442526.92,4.49,15.04.2018,15.04.2019,Closed
LN700260,CUST100647,student loan,59084.43,3.08,07/12/2015,07/12/2025,Closed
LN701014,CUST101502,Auto Loan,5233.81,4.72,26-Feb-2017,26/02/2038,
LN700011,CUST102613,auto loan,4706.31,6.18,03/03/2022,2032-03-03,Closed
LN700811,CUST100417,student loan,53629.21,6.3,17/03/2010,2011-03-17,Paid Off
LN700222,CUST102144,Mortgage,252703.24,4.05,22.03.2022,2025-03-22,Paid Off
LN701015,CUST101456,Auto Loan,8915.59,4.31,03.11.2018,03/11/2020,Closed
LN701002,CUST102035,Home Loan,407151.16,4.96,06-10-2017,10-Jun-2031,Closed
LN700514,CUST102998,Home Loan,339271.79,3.86,2022-12-28,12-28-2040,Closed
LN700928,CUST101434,auto loan,20058.56,9.41,26/07/2019,26-Jul-2029,Paid Off
LN700585,CUST103121,AUTO LOAN,38365.76,9.69,22/09/2013,22.09.2015,Active
LN700278,CUST100895,student loan,51592.51,4.99,29.10.2017,2026-10-29,Active
LN700477,CUST100242,student loan,11240.07,5.75,11-07-2012,2021-11-07,Active
LN701208,CUST101620,auto loan,9899.72,11.29,03-Mar-2010,03-03-2017,Closed
LN701019,CUST102634,Car Loan,30787.36,9.14,17.11.2022,17/11/2040,Closed
LN700089,CUST101495,AUTO LOAN,32537.55,10.21,25.10.2011,25/10/2018,Defaulted
LN700920,CUST100185,Mortgage,404311.46,4.76,08/06/2017,2018-06-08,Closed
LN700769,CUST102865,Student Loan,25162.19,2.53,2018-07-03,03/07/2026,Defaulted
LN700014,CUST102842,mortgage,271191.92,3.15,07/09/2017,07.09.2034,Defaulted
LN700953,CUST100531,mortgage,425322.57,5.35,03-20-2010,2018-03-20,Closed
LN700468,CUST102794,MORTGAGE,318320.87,5.03,21.12.2010,21.12.2018,Paid Off
LN700187,CUST102058,student loan,38455.29,2.89,30/10/2022,2024-10-30,Active
LN700905,CUST103119,mortgage,195923.34,3.13,2022-07-15,2027-07-15,Paid Off
LN700528,CUST102562,STUDENT LOAN,19224.77,5.9,16/06/2016,06-16-2027,Closed
LN700184,CUST100245,STUDENT LOAN,52864.1,3.75,25.12.2019,2027-12-25,Defaulted
LN701003,CUST102805,MORTGAGE,270589.23,5.55,2010-01-08,08/01/2029,Closed
LN700950,CUST100192,Personal Loan,19284.37,7.8,13.06.2017,13.06.2018,Paid Off
LN701195,CUST102318,STUDENT LOAN,33367.62,2.46,23-Apr-2015,04-23-2027,Closed
LN700051,CUST100760,student loan,42470.37,2.72,11-21-2011,2019-11-21,Defaulted
LN700505,CUST100188,Mortgage,152216.49,4.31,03-Feb-2011,03.02.2022,Paid Off
LN700728,CUST102866,MORTGAGE,408286.79,4.88,11-17-2019,17.11.2034,Defaulted
LN700372,CUST102303,auto loan,39815.86,6.88,2010-05-29,29/05/2016,Paid Off
LN700210,CUST102275,STUDENT LOAN,26829.63,5.22,28.09.2015,2028-09-28,Paid Off
LN701084,CUST100050,MORTGAGE,336542.62,3.31,09/10/2023,09-Oct-2039,Paid Off
LN700550,CUST100834,mortgage,292525.61,2.63,2014-02-17,02-17-2024,Paid Off
LN700619,CUST100724,mortgage,285876.47,5.82,2016-06-08,06-08-2026,Paid Off
LN700962,CUST102787,Home Loan,343284.82,5.66,04.12.2010,12-04-2016,Defaulted
LN700972,CUST100130,AUTO LOAN,8248.44,11.99,02.01.2010,02.01.2011,Defaulted
LN700092,CUST101935,Home Loan,158241.11,3.96,05-02-2022,2024-05-02,Closed
LN700336,CUST102640,MORTGAGE,228747.89,5.21,2021-10-23,23/10/2024,Defaulted
LN700991,CUST102467,STUDENT LOAN,42831.26,5.01,01-18-2011,18.01.2013,Closed
LN701080,CUST102980,mortgage,293703.56,2.89,28-Jun-2017,28/06/2031,
LN700967,CUST100335,STUDENT LOAN,19604.8,5.23,02/04/2014,04-02-2020,Paid Off
LN700323,CUST100775,STUDENT LOAN,48135.31,6.66,2023-10-14,2024-10-14,Paid Off
LN700139,CUST102538,Home Loan,285669.58,6.38,29/03/2014,29-Mar-2015,Closed
LN700847,CUST101800,Auto Loan,28394.27,10.93,04-Jan-2015,04-Jan-2017,Defaulted
LN700863,CUST100663,mortgage,344984.44,5.98,01/05/2010,01/05/2027,Active
LN700456,CUST102108,Auto Loan,29437.73,9.26,15-Feb-2019,15.02.2025,Paid Off
LN701050,CUST100437,STUDENT LOAN,32337.25,2.29,10-20-2021,20/10/2037,Active
LN700376,CUST102836,student loan,42385.88,2.89,28/11/2013,11-28-2034,
LN700797,CUST101741,PERSONAL LOAN,18443.89,11.5,05.05.2021,05-05-2023,Closed
LN700399,CUST101432,MORTGAGE,228636.05,6.35,10-Jan-2018,10/01/2026,Closed
LN700601,CUST102209,Car Loan,10890.27,5.47,04/07/2019,04-Jul-2020,Active
LN700947,CUST100061,Car Loan,30490.18,7.64,10-18-2020,10-18-2030,Closed
LN700647,CUST101134,PERSONAL LOAN,23055.26,12.35,2021-09-09,09/09/2029,Paid Off
LN701131,CUST101921,Mortgage,352225.67,4.66,11/12/2021,11-Dec-2040,Paid Off
LN700921,CUST101063,Student Loan,15965.82,4.07,27-Nov-2018,11-27-2040,Paid Off
LN700993,CUST100314,auto loan,33399.83,10.41,18-Aug-2023,18/08/2038,Paid Off
LN700612,CUST102818,student loan,37914.53,2.62,10.02.2011,2020-02-10,Paid Off
LN700218,CUST101232,Auto Loan,28088.07,10.53,30.03.2013,30-Mar-2021,Defaulted
LN700702,CUST102546,Home Loan,325448.12,5.66,2015-04-05,04-05-2028,Defaulted
LN700213,CUST102439,Personal,3399.6,17.0,24-Mar-2017,2037-03-24,Closed
LN700912,CUST101952,PERSONAL LOAN,13642.43,7.69,24-Oct-2018,24-Oct-2038,Defaulted
LN700424,CUST102642,Car Loan,3304.05,10.15,2023-12-04,12-04-2036,
LN700249,CUST102423,Mortgage,144758.21,4.68,01/01/2023,01.01.2036,Active
LN700122,CUST102915,PERSONAL LOAN,23835.3,17.18,09/02/2019,2040-02-09,Active
LN700893,CUST102731,STUDENT LOAN,31798.35,4.67,23-Jul-2023,07-23-2029,Active
LN700547,CUST102792,student loan,43237.69,2.91,05-05-2013,05/05/2022,Paid Off
LN700127,CUST101218,Student Loan,34991.05,6.4,12-28-2012,28-Dec-2015,Closed
LN700250,CUST100917,mortgage,160532.95,4.38,28/09/2017,2040-09-28,Active
LN700944,CUST101825,AUTO LOAN,35784.26,8.24,02/08/2013,08-02-2034,Defaulted
LN701047,CUST100556,Car Loan,9897.68,6.75,06.02.2023,06.02.2040,Active
LN700683,CUST102150,MORTGAGE,103435.64,2.98,24.08.2011,24/08/2025,Active
LN701102,CUST101093,STUDENT LOAN,53467.79,2.75,15-Jun-2010,15.06.2020,Active
LN700760,CUST102711,Mortgage,449777.58,5.9,29.06.2021,29/06/2040,
LN700999,CUST101651,mortgage,267480.06,4.61,26/01/2017,26.01.2040,Active
LN700956,CUST102301,STUDENT LOAN,46091.83,4.02,01-24-2019,24/01/2040,Defaulted
LN700567,CUST102090,Mortgage,365102.45,4.06,2015-02-07,07-Feb-2022,Defaulted
LN701135,CUST102451,Car Loan,16079.94,6.98,18/10/2015,18.10.2021,Closed
LN700764,CUST102545,auto loan,35550.67,5.0,30/10/2012,10-30-2017,Active
LN700761,CUST101487,Home Loan,144543.54,2.84,11-Jul-2013,2038-07-11,Defaulted
LN700410,CUST100287,Personal Loan,13954.71,16.08,04-01-2019,01-Apr-2037,Closed
LN700007,CUST102510,student loan,32579.21,6.77,22.05.2017,22-May-2034,Closed
LN700994,CUST102398,Home Loan,384690.48,3.0,2022-08-16,08-16-2032,Paid Off
LN700383,CUST102193,Auto Loan,24614.11,9.54,01-23-2019,01-23-2034,Defaulted
LN700990,CUST103097,Car Loan,17371.41,7.44,07-15-2021,15-Jul-2040,Paid Off
LN700062,CUST101393,Student Loan,41516.6,2.28,26.09.2018,2029-09-26,Defaulted
LN700237,CUST101945,student loan,12287.62,2.46,2010-01-12,12.01.2018,Closed
LN700331,CUST100668,AUTO LOAN,10646.2,4.72,11-Dec-2012,11-Dec-2014,Closed
LN700809,CUST100520,personal loan,16664.74,8.38,11-20-2013,20/11/2014,Paid Off
LN701023,CUST102124,STUDENT LOAN,15233.47,6.01,15/07/2011,07-15-2032,Closed
LN700578,CUST100420,Car Loan,28449.76,10.83,29.03.2018,03-29-2040,Paid Off
LN700067,CUST100990,Home Loan,287897.07,5.44,2013-10-15,2018-10-15,Paid Off
LN700302,CUST100455,Mortgage,156454.83,4.24,08-18-2013,08-18-2015,Paid Off
LN700064,CUST102277,personal loan,2298.77,13.56,27.03.2016,2022-03-27,Paid Off
LN700632,CUST102498,personal loan,7243.61,7.98,28/04/2020,28/04/2040,Closed
LN700523,CUST101776,Auto Loan,7068.02,8.2,21.12.2020,12-21-2040,Defaulted
LN700998,CUST100640,Personal,9802.77,15.83,21-Mar-2015,21/03/2027,Active
LN700908,CUST100951,Car Loan,19939.14,9.97,04.10.2016,04-Oct-2020,Active
LN700432,CUST101205,Student Loan,53132.89,3.41,2017-08-04,08-04-2038,Paid Off
LN700056,CUST101624,Car Loan,18055.54,5.42,04/03/2015,2016-03-04,Closed
LN700555,CUST100054,student loan,29502.35,4.66,06-17-2013,06-17-2014,Defaulted
LN701219,CUST101939,STUDENT LOAN,24454.94,4.67,2011-05-06,2022-05-06,Defaulted
LN701110,CUST101835,personal loan,14535.25,14.12,11/03/2022,11/03/2032,Active
LN700981,CUST102255,student loan,45812.1,5.38,19.03.2020,19/03/2029,Closed
LN700009,CUST101248,STUDENT LOAN,12657.5,3.27,09-29-2011,2021-09-29,Active
LN700434,CUST102292,Car Loan,4475.35,45.0,23-May-2014,05-23-2032,
LN700540,CUST101996,MORTGAGE,326603.94,4.67,06-Sep-2023,09-06-2030,Paid Off
LN700819,CUST101048,Personal,6572.72,13.91,2023-10-09,10-09-2033,Active
LN700710,CUST102590,student loan,26673.67,4.12,15-Jan-2016,15.01.2022,Defaulted
LN700143,CUST102023,mortgage,355114.08,6.15,22/06/2013,22/06/2029,Closed
LN700531,CUST100714,Home Loan,158734.27,4.85,03/03/2018,03/03/2037,Closed
LN700923,CUST100143,Mortgage,323783.79,2.85,2010-08-09,09/08/2011,Active
LN700615,CUST100914,PERSONAL LOAN,10615.82,14.52,30.01.2016,2026-01-30,Paid Off
LN700624,CUST101598,Student Loan,47371.58,2.07,14-Aug-2016,2034-08-14,Defaulted
LN700670,CUST100278,Home Loan,148457.73,4.32,22/01/2023,01-22-2040,Closed
LN700365,CUST100161,student loan,36448.53,5.55,14-Oct-2011,14/10/2028,Active
LN700485,CUST101594,Car Loan,29952.81,10.72,22/01/2010,22-Jan-2012,Paid Off
LN700274,CUST100158,STUDENT LOAN,49167.37,6.07,04/11/2021,04-Nov-2040,Closed
LN700681,CUST101646,MORTGAGE,316065.31,5.43,06-13-2017,06-13-2040,Closed
LN700927,CUST100013,AUTO LOAN,20825.4,0.0,19.01.2023,01-19-2034,Closed
LN700338,CUST102450,Personal Loan,22822.05,7.14,2023-08-26,26-Aug-2037,Defaulted
LN700360,CUST102328,Car Loan,17853.57,9.23,08-24-2014,08-24-2030,Closed
LN700848,CUST102083,student loan,46185.58,2.14,04.01.2013,04.01.2021,Paid Off
LN700069,CUST101711,mortgage,315874.82,5.6,2023-10-06,2038-10-06,Defaulted
LN700266,CUST101729,Student Loan,14477.47,4.59,18.10.2014,10-18-2038,Defaulted
LN700120,CUST101717,auto loan,34565.0,5.2,14/12/2014,14-Dec-2027,Active
LN700801,CUST102350,personal loan,10722.8,8.48,01-11-2014,11.01.2027,Defaulted
LN700334,CUST101360,student loan,43953.5,4.3,2016-10-04,10-04-2029,Active
LN700712,CUST101270,Personal Loan,11938.05,14.36,01-05-2023,05.01.2034,Closed
LN700171,CUST101791,PERSONAL LOAN,22544.24,6.44,08/01/2019,2036-01-08,Paid Off
LN700292,CUST100962,mortgage,105014.62,2.95,09.09.2023,09/09/2028,
LN700479,CUST101539,STUDENT LOAN,43565.66,45.0,2011-05-19,19/05/2012,
LN701056,CUST102911,personal loan,1805.91,9.78,16-Jan-2012,01-16-2031,Paid Off
LN701037,CUST100904,Student Loan,21074.71,6.42,10-Oct-2013,10-10-2022,Paid Off
LN700775,CUST101323,student loan,50732.86,4.66,30-Jan-2014,01-30-2026,Paid Off
LN701157,CUST100106,student loan,49240.84,2.04,06-Oct-2022,06-Oct-2040,Paid Off
LN700762,CUST100763,Personal Loan,3347.69,17.28,09-26-2022,09-26-2040,Active
LN700932,CUST101078,STUDENT LOAN,59099.65,2.41,07-21-2012,07-21-2017,Active
LN700142,CUST102984,Home Loan,157197.42,3.27,2022-12-10,10/12/2040,Closed
LN700740,CUST101977,Mortgage,377118.37,4.28,30.04.2022,04-30-2028,Paid Off
LN700145,CUST100671,PERSONAL LOAN,20912.73,45.0,05-27-2011,2035-05-27,Paid Off
LN701104,CUST100501,Car Loan,15636.71,10.58,14-Jun-2015,06-14-2040,
LN701212,CUST100873,Mortgage,230463.38,5.14,2021-02-01,01-Feb-2031,Defaulted
LN700341,CUST102625,MORTGAGE,346827.38,6.45,2016-07-30,07-30-2036,Closed
LN701165,CUST101679,PERSONAL LOAN,6823.15,12.2,27/07/2018,27.07.2040,Defaulted
LN700838,CUST100642,Mortgage,190501.69,3.04,2019-04-10,2029-04-10,Paid Off
LN700148,CUST102238,Personal,3289.53,9.17,01.07.2013,2036-07-01,Defaulted
LN700008,CUST100381,Car Loan,25770.05,9.47,01/02/2011,02-01-2024,Paid Off
LN700903,CUST101888,Personal Loan,3847.16,5.87,04-13-2020,13/04/2030,Active
LN701175,CUST101667,MORTGAGE,210513.25,5.41,06.08.2018,06/08/2027,Defaulted
LN700774,CUST101659,Personal Loan,14535.22,17.19,20/12/2018,20.12.2029,Active
LN700133,CUST101356,Personal,1401.92,7.28,27.12.2021,12-27-2031,Defaulted
LN700583,CUST103026,Auto Loan,36780.66,6.87,02-10-2019,10-Feb-2040,Closed
LN700101,CUST101226,auto loan,13329.62,8.63,06-Jul-2023,2029-07-06,Active
LN701246,CUST101518,Personal,21081.92,6.16,11-19-2013,11-19-2015,Closed
LN700312,CUST100844,STUDENT LOAN,26201.07,6.81,27/08/2023,2032-08-27,Defaulted
LN700959,CUST101238,AUTO LOAN,28681.87,9.7,01-28-2021,01-28-2028,Closed
LN700017,CUST102559,PERSONAL LOAN,5295.71,14.59,2011-02-09,09.02.2027,Paid Off
LN700352,CUST102991,Student Loan,29676.96,6.09,10/03/2013,10/03/2035,Active
LN700590,CUST101848,Mortgage,105355.55,3.4,06.11.2017,11-06-2040,Closed
LN700056,CUST101624,Car Loan,18055.54,5.42,04/03/2015,2016-03-04,Closed
LN700489,CUST101505,Mortgage,91503.25,6.32,2014-02-23,23/02/2029,Defaulted
LN700119,CUST101273,STUDENT LOAN,53581.09,2.96,26.03.2015,26-Mar-2039,Closed
LN701239,CUST101294,Personal Loan,1910.21,9.87,04/12/2018,04-Dec-2037,Active
LN701178,CUST101918,Auto Loan,29003.44,4.07,05-24-2010,24-May-2011,Active
LN700367,CUST102426,auto loan,34865.33,45.0,27/04/2010,2027-04-27,Defaulted
LN700525,CUST100728,auto loan,29668.23,99.9,04.07.2018,04-Jul-2024,Closed
LN701231,CUST102722,AUTO LOAN,24973.18,9.4,2021-10-03,03-Oct-2028,Paid Off
LN700128,CUST100399,Home Loan,326244.93,5.58,2016-05-05,05.05.2030,Defaulted
LN700917,CUST100629,Mortgage,259441.63,4.03,16.07.2022,07-16-2039,Active
LN700200,CUST100364,Car Loan,15520.45,6.12,06-06-2015,2029-06-06,Active
LN701118,CUST102021,PERSONAL LOAN,23783.14,10.43,15.03.2011,03-15-2019,Active
LN700065,CUST101666,Auto Loan,30784.62,8.14,24-May-2019,24.05.2033,Active
LN700793,CUST100309,personal loan,1402.6,12.11,10-02-2021,02.10.2040,Defaulted
LN701171,CUST101114,Car Loan,25905.2,10.58,2013-03-14,14-Mar-2036,Paid Off
LN700729,CUST100431,PERSONAL LOAN,19975.51,8.71,2017-04-15,15-Apr-2038,Active
LN700925,CUST101853,mortgage,186303.5,2.5,2020-08-27,2023-08-27,Defaulted
LN700153,CUST100576,Car Loan,23388.78,9.41,05-Apr-2015,05-Apr-2039,Closed
LN700057,CUST101407,Personal Loan,11427.18,9.24,31-Oct-2014,31/10/2016,Defaulted
LN700317,CUST102195,Student Loan,37311.56,6.69,20.08.2019,08-20-2032,Defaulted
LN701095,CUST101475,student loan,53203.02,2.51,2010-02-24,24-Feb-2027,Paid Off
LN700054,CUST102581,Student Loan,15093.05,1.8,2020-06-29,29.06.2039,Closed
LN700536,CUST101372,AUTO LOAN,31002.66,4.62,04-12-2012,04-12-2014,Defaulted
LN701020,CUST101289,personal loan,14597.05,12.68,18/12/2023,18.12.2040,Defaulted
LN701211,CUST100003,Car Loan,27680.34,9.01,02.09.2019,02-Sep-2040,Closed
LN700359,CUST103004,PERSONAL LOAN,17375.04,6.8,05/05/2012,05-May-2015,Paid Off
LN700646,CUST103024,AUTO LOAN,32284.59,6.42,11.01.2022,11.01.2038,Active
LN700161,CUST102788,PERSONAL LOAN,6659.24,12.08,2016-08-20,2022-08-20,Defaulted
LN700553,CUST100994,Auto Loan,15132.31,7.24,02/04/2019,2023-04-02,Active
LN700462,CUST102929,MORTGAGE,404311.63,4.91,10-09-2010,2032-10-09,Defaulted
LN701189,CUST102242,STUDENT LOAN,25950.16,2.01,01.06.2011,2032-06-01,Paid Off
LN701227,CUST102874,Auto Loan,26764.42,7.48,06-20-2017,06-20-2027,Paid Off
LN700415,CUST101439,personal loan,2369.04,9.15,03/04/2018,03-Apr-2024,
LN701179,CUST100144,Personal,17197.33,-3.5,02-13-2020,2026-02-13,Active
LN700844,CUST101067,PERSONAL LOAN,13619.63,15.48,24.02.2017,24.02.2035,Paid Off
LN700265,CUST101953,PERSONAL LOAN,11147.83,10.9,28.11.2016,11-28-2026,Paid Off
LN701167,CUST102146,Mortgage,88482.12,4.31,2021-04-01,01.04.2028,Defaulted
LN700173,CUST102204,student loan,9265.28,5.42,12-19-2021,19-Dec-2037,Closed
LN700637,CUST101391,STUDENT LOAN,32387.52,4.74,14-Apr-2011,14.04.2034,Defaulted
LN700454,CUST102803,Car Loan,16107.9,5.18,02/05/2012,02/05/2019,Paid Off
LN700546,CUST102380,PERSONAL LOAN,5295.16,12.23,10-Mar-2011,10-Mar-2031,Paid Off
LN701081,CUST101045,MORTGAGE,348176.57,5.6,2013-06-11,11.06.2032,
LN700030,CUST101802,Student Loan,47131.69,4.05,11-Nov-2017,11.11.2020,
LN700411,CUST101423,Student Loan,48065.36,5.54,11-Dec-2020,11-Dec-2029,Paid Off
LN700690,CUST100979,Personal Loan,1771.03,17.71,2023-10-16,2040-10-16,Active
LN700364,CUST100533,Home Loan,101059.73,3.96,12-21-2016,2020-12-21,Active
LN700877,CUST100101,Mortgage,275917.08,3.57,18-Dec-2016,2019-12-18,Paid Off
LN700183,CUST102996,auto loan,27436.6,4.68,05-19-2022,19/05/2039,Closed
LN700851,CUST101982,STUDENT LOAN,58228.33,5.69,09-07-2023,2039-09-07,Active
LN701185,CUST100273,mortgage,201839.46,4.37,10-Feb-2020,10-Feb-2040,Active
LN700700,CUST100205,mortgage,161392.46,2.99,09-25-2015,25/09/2036,Closed
LN700001,CUST101993,mortgage,274793.74,5.28,31/05/2012,31/05/2026,Paid Off
LN700667,CUST101352,STUDENT LOAN,59610.48,4.49,2022-09-14,14.09.2040,Defaulted
LN700330,CUST101071,STUDENT LOAN,59197.14,3.78,12-26-2018,26/12/2023,Active
LN701032,CUST100256,student loan,19288.37,5.72,24/02/2021,24-Feb-2022,Paid Off
LN700497,CUST102106,Student Loan,56496.88,2.71,16-Oct-2011,10-16-2034,Defaulted
LN700329,CUST101430,AUTO LOAN,36723.27,6.2,28/08/2018,08-28-2040,Closed
LN700794,CUST100854,Personal,18138.99,10.69,11-13-2013,13-Nov-2021,Closed
LN700672,CUST101597,Home Loan,437200.65,4.65,31-May-2010,05-31-2026,Paid Off
LN700382,CUST101158,AUTO LOAN,31889.76,8.92,04-May-2014,05-04-2032,Defaulted
LN700464,CUST100611,Student Loan,20209.24,3.82,08-18-2018,08-18-2024,Defaulted
LN700588,CUST100226,Student Loan,36746.75,3.93,2018-05-03,03/05/2040,Defaulted
LN700160,CUST101351,PERSONAL LOAN,7991.76,5.07,2010-09-17,2029-09-17,Paid Off
LN700673,CUST101301,Home Loan,220297.58,3.63,05.04.2011,2020-04-05,
LN700163,CUST100459,Student Loan,21501.59,3.07,22-Jul-2017,07-22-2024,Paid Off
LN701161,CUST102149,STUDENT LOAN,35891.85,3.37,23-Jun-2014,2032-06-23,Paid Off
LN700586,CUST100370,Mortgage,433305.82,3.48,02-17-2019,17/02/2027,
LN700640,CUST102539,MORTGAGE,128887.67,5.98,19-Jul-2011,19-Jul-2026,Defaulted
LN700397,CUST100114,personal loan,19787.53,5.03,05-19-2016,05-19-2034,Paid Off
LN701245,CUST102867,Auto Loan,37826.87,7.36,09.02.2019,09-Feb-2040,Defaulted
LN700783,CUST101543,Home Loan,291334.89,4.05,2020-07-13,13.07.2032,Closed
LN700326,CUST101424,student loan,51679.83,6.77,07-02-2022,02-Jul-2023,Defaulted
LN700864,CUST100978,PERSONAL LOAN,12658.31,6.1,25.12.2013,12-25-2023,Paid Off
LN700910,CUST100608,Personal Loan,24973.07,14.95,06-Nov-2010,06-Nov-2020,Paid Off
LN700600,CUST102373,AUTO LOAN,31562.42,8.63,12-22-2022,12-22-2035,Defaulted
LN701145,CUST100253,auto loan,34472.8,4.13,2021-03-21,21-Mar-2040,Active
LN700182,CUST103071,AUTO LOAN,32749.12,11.09,09-27-2018,27-Sep-2039,Closed
LN700193,CUST102016,Student Loan,53770.35,6.2,02-17-2016,02-17-2023,Active
LN700255,CUST100141,Car Loan,34920.58,4.78,21-Aug-2015,21/08/2032,Defaulted
LN700433,CUST100081,student loan,48623.3,3.06,13.04.2017,2030-04-13,Active
LN701077,CUST100121,PERSONAL LOAN,5745.81,17.07,2013-07-31,31-Jul-2015,Active
LN700918,CUST100512,PERSONAL LOAN,8742.93,16.49,11.06.2012,11.06.2035,Paid Off
LN700748,CUST100322,Personal,11745.37,7.2,2019-03-05,2023-03-05,Defaulted
LN700037,CUST101753,MORTGAGE,153378.27,5.7,05-30-2010,30/05/2030,Active
LN700750,CUST102072,personal loan,3156.14,8.28,2012-02-08,08.02.2018,Closed
LN700327,CUST102680,AUTO LOAN,25757.82,11.69,16-Jun-2022,16.06.2034,Active
LN700841,CUST101949,Mortgage,366333.94,6.01,12-07-2018,2019-12-07,Defaulted
LN700162,CUST102354,MORTGAGE,142269.25,5.22,06-04-2022,04.06.2032,Closed
LN700751,CUST101422,personal loan,22486.76,9.28,10-18-2013,18.10.2023,Closed
LN700480,CUST102523,auto loan,37018.61,7.42,10-11-2020,11.10.2039,Active
LN700105,CUST101562,STUDENT LOAN,19917.49,6.15,07-14-2018,2023-07-14,Defaulted
LN700059,CUST102953,student loan,57418.35,5.92,2018-05-11,11.05.2032,Paid Off
LN700055,CUST102882,Auto Loan,29534.15,7.51,15/08/2011,2029-08-15,Closed
LN700802,CUST101500,Mortgage,382481.95,2.61,03/09/2015,03.09.2021,Defaulted
LN700401,CUST100108,personal loan,10092.51,7.85,11-Feb-2015,11-Feb-2018,Paid Off
LN700129,CUST100848,Car Loan,14563.06,10.45,2016-10-24,2026-10-24,Defaulted
LN701237,CUST102695,MORTGAGE,425733.58,5.14,30/04/2023,30/04/2040,Closed
LN700598,CUST102621,Home Loan,345911.64,5.53,27-Aug-2018,2030-08-27,Active
LN700438,CUST102825,Student Loan,25087.19,2.03,29-Mar-2020,29.03.2023,Active
LN700113,CUST101491,STUDENT LOAN,59460.12,-3.5,2011-04-09,04-09-2013,Defaulted
LN700149,CUST101645,student loan,27189.99,2.33,07-31-2017,31/07/2022,Closed
LN700217,CUST100355,auto loan,5643.06,7.98,24.07.2013,2022-07-24,Paid Off
LN701092,CUST100196,AUTO LOAN,3281.93,5.91,01/10/2012,2015-10-01,Defaulted
LN700253,CUST102129,Personal Loan,6786.2,8.19,04-08-2021,08.04.2040,Closed
LN700134,CUST100716,Personal,19688.0,99.9,04-19-2018,04-19-2034,Paid Off
LN700413,CUST102713,Student Loan,33187.52,3.63,2010-05-18,18-May-2014,Defaulted
LN700952,CUST101128,Student Loan,21713.45,2.55,13.05.2010,13.05.2022,Closed
LN700140,CUST102140,Student Loan,37898.35,3.63,26/12/2015,12-26-2016,Closed
LN700493,CUST100298,Home Loan,213300.53,4.41,25/08/2014,08-25-2038,Active
LN700390,CUST101934,student loan,16662.32,6.26,02-24-2020,24.02.2036,Defaulted
LN700214,CUST102810,Personal Loan,17556.17,8.94,13/03/2011,2016-03-13,Closed
LN700131,CUST100156,AUTO LOAN,27633.76,5.5,07/09/2015,07-Sep-2026,Closed
LN701076,CUST102327,Auto Loan,18680.99,7.47,01-26-2017,26/01/2035,Paid Off
LN700727,CUST102686,Home Loan,318686.51,4.02,29/04/2011,2035-04-29,Defaulted
LN700284,CUST102054,STUDENT LOAN,34452.55,5.48,08-30-2020,30-Aug-2040,Defaulted
LN700063,CUST100250,student loan,40986.45,3.49,2019-12-27,27/12/2025,Paid Off
LN700374,CUST100462,Student Loan,24350.87,6.5,07-Jun-2019,07-Jun-2037,Closed
LN700071,CUST103128,personal loan,1641.05,11.2,03-05-2010,05.03.2012,Active
LN700262,CUST101029,Car Loan,32773.33,45.0,11/10/2013,2014-10-11,Defaulted
LN700638,CUST100454,MORTGAGE,438099.77,5.84,29-Jun-2017,29-Jun-2032,Defaulted
LN700855,CUST101524,Personal,11706.88,15.32,08-02-2010,02-Aug-2035,Defaulted
LN700866,CUST101195,AUTO LOAN,18016.58,10.93,23.11.2013,23.11.2027,Closed
LN700124,CUST100937,Student Loan,18089.98,4.46,25/01/2010,25-Jan-2030,Closed
LN701243,CUST102009,mortgage,442463.36,5.64,12-08-2016,08-Dec-2023,
LN700482,CUST100263,Mortgage,209951.59,5.23,19-Nov-2019,2040-11-19,Closed
LN700726,CUST102104,Mortgage,171043.35,5.46,03.11.2011,11-03-2023,Active
LN701087,CUST102241,mortgage,196861.78,2.98,2012-11-26,26.11.2019,Closed
LN700461,CUST101217,auto loan,20322.76,10.45,01-May-2012,01/05/2026,Active
LN700902,CUST101685,auto loan,13015.41,5.9,07-10-2021,2040-07-10,Active
LN701146,CUST101010,STUDENT LOAN,59759.48,2.97,03/01/2017,03-Jan-2023,Paid Off
LN700264,CUST101111,AUTO LOAN,25754.84,7.33,28.12.2020,12-28-2040,
LN700058,CUST101748,PERSONAL LOAN,14588.05,5.64,07-22-2019,07-22-2024,Active
LN700929,CUST102508,auto loan,33532.91,4.79,20.03.2021,03-20-2031,Defaulted
LN700147,CUST100392,Personal,22028.37,9.47,2021-10-15,15.10.2032,Closed
LN700130,CUST102925,auto loan,6677.49,11.14,19.02.2019,19.02.2032,Defaulted
LN700830,CUST102663,STUDENT LOAN,49856.42,3.65,23-Aug-2014,08-23-2032,Defaulted
LN701213,CUST100418,Student Loan,32085.41,2.12,25/04/2017,04-25-2038,Paid Off
LN700906,CUST100231,mortgage,226418.61,3.33,25/05/2013,25.05.2037,Closed
LN700201,CUST100852,AUTO LOAN,8472.25,5.24,26.05.2018,26-May-2033,
LN700975,CUST100830,MORTGAGE,89494.67,5.26,2022-09-06,09-06-2026,Defaulted
LN700000,CUST102315,Car Loan,30010.97,9.36,2018-09-24,09-24-2040,Closed
LN700436,CUST100532,PERSONAL LOAN,8300.95,99.9,24.10.2016,24-Oct-2029,Closed
LN700062,CUST101393,Student Loan,41516.6,2.28,26.09.2018,2029-09-26,Defaulted
LN701156,CUST100045,Car Loan,21629.27,4.8,2023-03-20,2033-03-20,Active
LN700563,CUST101401,Student Loan,37622.49,99.9,13-Oct-2013,13/10/2020,Closed
LN701115,CUST102897,MORTGAGE,374097.56,3.21,20/06/2010,20.06.2023,Defaulted
LN700108,CUST102747,student loan,24792.03,45.0,12-Feb-2015,12.02.2039,Paid Off
LN701150,CUST102644,MORTGAGE,168093.31,4.72,06/10/2015,10-06-2020,Closed
LN700968,CUST100809,Student Loan,34561.64,1.7,12-Dec-2021,12-Dec-2033,Active
LN701059,CUST100947,Car Loan,39976.06,11.58,27.03.2020,27/03/2040,Closed
LN700806,CUST102285,personal loan,3946.65,15.36,2015-09-01,01.09.2020,Paid Off
LN700307,CUST100708,mortgage,293992.06,3.75,24/01/2023,24.01.2035,Defaulted
LN701149,CUST100546,PERSONAL LOAN,21247.88,10.28,21/06/2014,2020-06-21,Closed
LN700737,CUST100961,Auto Loan,38553.42,6.09,2015-04-23,23.04.2018,Active
LN700229,CUST101425,Personal,13153.06,6.69,2018-02-23,23.02.2022,Paid Off
LN701168,CUST100412,PERSONAL LOAN,20425.91,15.4,02-04-2014,04.02.2031,Active
LN700242,CUST100953,Car Loan,6863.97,10.23,07/06/2023,2040-06-07,Closed
LN700656,CUST101355,personal loan,11750.18,17.42,2019-09-30,2039-09-30,Paid Off
LN701193,CUST101177,Personal,9539.68,11.5,2010-07-10,10/07/2018,Active
LN701117,CUST100291,Auto Loan,31289.58,9.21,2016-07-03,07-03-2024,Closed
LN700575,CUST101933,personal loan,6824.95,12.15,28/11/2014,28/11/2032,Defaulted
LN701013,CUST103029,Student Loan,54192.57,4.86,06-Mar-2012,06.03.2027,Paid Off
LN700820,CUST100460,mortgage,430772.05,3.9,13-Sep-2012,2019-09-13,Closed
LN700387,CUST102135,Mortgage,145233.06,3.95,2018-09-25,25-Sep-2022,Closed
LN700416,CUST100963,Car Loan,20692.29,11.05,10/09/2012,09-10-2032,Defaulted
LN700440,CUST101219,AUTO LOAN,30616.21,5.61,23-Jul-2014,23.07.2026,Paid Off
LN700405,CUST102264,Student Loan,54146.44,3.81,2013-10-22,22/10/2021,Closed
LN701069,CUST100452,personal loan,12831.78,17.26,03-20-2020,20.03.2032,Active
LN701170,CUST102876,AUTO LOAN,34179.72,45.0,2019-09-22,22.09.2023,Active
LN700816,CUST101440,Personal,3828.77,15.83,2019-02-19,19-Feb-2025,Defaulted
LN700873,CUST102404,STUDENT LOAN,59654.98,5.25,25.03.2021,25.03.2040,Paid Off
LN700705,CUST102672,personal loan,19668.35,11.68,08/09/2016,2020-09-08,Defaulted
LN700899,CUST102516,STUDENT LOAN,57383.88,4.76,2019-03-04,03-04-2024,Active
LN701093,CUST100807,personal loan,17982.9,11.12,2015-09-16,2016-09-16,Defaulted
LN700896,CUST100059,Student Loan,15838.63,5.17,2022-06-21,21-Jun-2023,Defaulted
LN700639,CUST102622,Mortgage,174764.91,5.19,03-21-2022,2029-03-21,
LN700112,CUST100413,Home Loan,163282.56,45.0,2010-06-27,27/06/2028,Closed
LN700891,CUST101548,mortgage,174840.04,5.1,2014-11-24,24.11.2018,Defaulted
LN700807,CUST101661,Home Loan,402454.97,4.05,18.04.2011,18-Apr-2012,Active
LN700363,CUST100845,Auto Loan,8305.06,9.83,01-13-2013,13/01/2036,Defaulted
LN701066,CUST101644,auto loan,21997.96,9.45,29-Apr-2012,29-Apr-2019,Paid Off
LN700144,CUST102026,Auto Loan,39078.12,8.17,09-18-2013,18-Sep-2016,Paid Off
LN700472,CUST102870,AUTO LOAN,30058.37,10.3,04/06/2011,2016-06-04,
LN701051,CUST101840,Personal Loan,9022.04,5.95,09-Aug-2014,09/08/2022,Active
LN700779,CUST101383,auto loan,6013.89,7.35,2022-04-01,01/04/2040,Paid Off
LN700095,CUST102668,PERSONAL LOAN,9403.74,15.11,17-Jun-2017,17.06.2020,Defaulted
LN700669,CUST100868,AUTO LOAN,38248.26,7.57,2022-03-14,2040-03-14,Closed
LN700709,CUST100133,AUTO LOAN,25098.36,8.15,15.10.2015,15-Oct-2035,Defaulted
LN701073,CUST100019,Mortgage,246549.86,2.81,02-04-2023,04/02/2040,
LN701094,CUST101151,mortgage,247582.76,3.69,2010-02-13,13/02/2017,Closed
LN700466,CUST100440,Personal,12608.11,17.6,17/08/2013,2028-08-17,Active
LN701177,CUST101438,student loan,49669.36,6.11,12/08/2018,08-12-2020,Defaulted
LN700283,CUST102227,Personal,24777.21,5.82,24-Jul-2016,24.07.2036,Closed
LN700566,CUST100068,Auto Loan,12688.1,8.91,08/07/2011,08.07.2032,Closed
LN700240,CUST100244,Car Loan,33596.54,11.68,28/10/2018,28-Oct-2031,
LN700608,CUST102708,MORTGAGE,437543.59,3.02,10.01.2018,10-Jan-2026,Active
LN701197,CUST100878,Mortgage,140439.44,4.69,28-Mar-2013,03-28-2018,
LN701215,CUST100578,Car Loan,6506.33,9.82,01-Dec-2016,12-01-2022,Paid Off
LN700220,CUST102116,Mortgage,189929.06,2.95,07-Sep-2016,07-Sep-2031,Closed
LN700735,CUST101135,AUTO LOAN,31198.59,6.62,12-Dec-2016,2037-12-12,Paid Off
LN700421,CUST100751,personal loan,13468.14,8.45,04-03-2016,03/04/2036,Defaulted
LN700720,CUST100426,Personal,17557.46,15.47,2010-04-20,20-Apr-2026,Defaulted
LN700002,CUST100957,Student Loan,14496.16,3.77,05.06.2011,05.06.2036,Paid Off
LN700789,CUST102154,student loan,18954.24,6.26,05-11-2018,05-11-2023,Active
LN700288,CUST100368,Auto Loan,35781.13,8.73,05-15-2015,05-15-2039,Defaulted
LN700277,CUST101016,Personal Loan,2895.15,7.53,18/01/2021,2038-01-18,Defaulted
LN700507,CUST101566,AUTO LOAN,9359.06,6.42,03-13-2019,13.03.2040,Closed
LN700443,CUST100948,AUTO LOAN,33810.07,10.08,10-15-2014,15-Oct-2020,
LN700545,CUST100199,Personal,4822.3,14.52,05/09/2013,2036-09-05,Closed
LN700974,CUST102057,Car Loan,17226.51,7.97,03-31-2015,2034-03-31,Closed
LN700098,CUST101304,student loan,22160.39,6.57,23-Jul-2012,2019-07-23,Defaulted
LN700983,CUST100796,Student Loan,56556.05,2.14,28/03/2017,28-Mar-2035,Defaulted
LN700511,CUST100338,PERSONAL LOAN,5630.39,8.38,2013-03-08,2034-03-08,Closed
LN700126,CUST101433,Personal,20708.51,15.65,01-Dec-2016,01/12/2036,Paid Off
LN701226,CUST101166,STUDENT LOAN,19146.75,4.45,13.10.2010,2035-10-13,Active
LN700286,CUST101747,Personal Loan,14031.74,15.05,23-Jun-2011,06-23-2028,Closed
LN701070,CUST101164,Personal Loan,4125.41,15.65,2022-12-08,2040-12-08,Closed
LN700857,CUST100906,student loan,37803.72,5.26,2011-11-09,09.11.2018,Closed
LN701233,CUST102967,Personal,21187.1,9.96,14/10/2010,14/10/2033,Paid Off
LN700954,CUST100892,AUTO LOAN,8561.69,5.3,2014-11-27,27.11.2018,Closed
LN700172,CUST102684,Student Loan,42690.28,3.97,26-Nov-2019,26/11/2027,Defaulted
LN700347,CUST100119,mortgage,306922.15,5.17,10/10/2016,10.10.2027,Defaulted
LN700894,CUST100007,MORTGAGE,317693.31,4.16,22-Feb-2016,22/02/2038,Paid Off
LN700792,CUST101716,STUDENT LOAN,13220.82,1.96,2021-08-26,26.08.2030,Defaulted
LN700090,CUST101088,MORTGAGE,123041.86,2.6,17-Jun-2016,17-Jun-2036,Paid Off
LN700349,CUST101798,personal loan,15330.4,12.01,01-10-2019,10-Jan-2021,Defaulted
LN700613,CUST101762,Personal Loan,4034.37,5.08,03-Sep-2014,03/09/2034,Defaulted
LN700733,CUST101787,personal loan,6208.87,5.8,08-30-2013,30/08/2026,Closed
LN700693,CUST102584,auto loan,35482.05,7.15,01/09/2023,09-01-2039,Paid Off
LN700579,CUST101007,mortgage,278238.07,6.32,10-21-2015,21.10.2025,Active
LN700662,CUST101837,Personal,19312.52,6.22,11.03.2019,2040-03-11,Defaulted
LN700104,CUST102427,PERSONAL LOAN,5388.33,6.4,2018-06-29,06-29-2025,Paid Off
LN700677,CUST100222,PERSONAL LOAN,23836.36,6.25,08/12/2020,12-08-2033,Closed
LN700688,CUST100267,PERSONAL LOAN,2020.9,12.5,06/12/2023,06-Dec-2026,Defaulted
LN700335,CUST102837,STUDENT LOAN,33037.18,1.69,12/08/2012,08-12-2034,Closed
LN700799,CUST102920,Personal Loan,11716.03,11.37,11/08/2012,08-11-2036,Active
LN700948,CUST101922,auto loan,20677.41,10.7,27.09.2015,09-27-2034,Closed
LN700649,CUST101443,Home Loan,214296.56,4.17,28-Feb-2019,02-28-2040,Closed
LN700004,CUST100105,AUTO LOAN,31454.12,8.82,21.10.2013,21-Oct-2036,Defaulted
LN700860,CUST100218,mortgage,429522.74,2.73,27/01/2015,2037-01-27,Defaulted
LN700304,CUST101349,Home Loan,220963.41,5.97,17/09/2023,09-17-2037,Closed
LN700768,CUST100103,Student Loan,44960.48,1.83,2021-11-14,14.11.2032,Defaulted
LN701125,CUST102306,Personal Loan,15295.63,17.85,2013-09-14,14/09/2024,Paid Off
LN700955,CUST101400,Mortgage,251615.21,3.1,06.11.2012,06-Nov-2016,Closed
LN700152,CUST101794,Car Loan,31567.88,4.85,06-26-2017,26-Jun-2032,Active
LN700978,CUST101970,AUTO LOAN,29548.25,8.15,12-May-2019,12-May-2038,Active
LN700985,CUST102269,mortgage,135452.19,4.47,01-01-2020,2026-01-01,Active
LN701022,CUST101341,student loan,12273.69,3.46,23.02.2020,02-23-2037,Closed
LN701187,CUST102114,Auto Loan,37156.04,5.22,17.09.2019,09-17-2024,Defaulted
LN700150,CUST100574,Student Loan,19755.22,2.58,27-Aug-2016,27/08/2032,Defaulted
LN700577,CUST100740,PERSONAL LOAN,8215.74,11.15,01-Oct-2012,01-Oct-2024,Closed
LN700502,CUST102725,MORTGAGE,268801.94,3.88,2023-12-09,2034-12-09,Defaulted
LN701200,CUST101201,STUDENT LOAN,40066.06,6.23,10-12-2021,2034-10-12,Closed
LN700192,CUST102161,PERSONAL LOAN,17424.25,8.49,2017-01-26,26-Jan-2039,Paid Off
LN700412,CUST102166,Home Loan,84560.6,4.09,15/08/2020,15.08.2032,Closed
LN701196,CUST102279,MORTGAGE,305144.14,6.44,2012-03-29,29/03/2029,Defaulted
LN700941,CUST100928,student loan,55083.11,5.13,2017-06-14,06-14-2021,
LN700759,CUST102183,auto loan,10208.41,6.43,24-Jun-2022,24-Jun-2034,Defaulted
LN700685,CUST101805,Student Loan,57018.83,5.34,06.06.2023,06-06-2040,Defaulted
LN700087,CUST102816,Auto Loan,12202.12,7.7,18-Mar-2023,18-Mar-2025,Defaulted
LN700400,CUST100871,Personal Loan,16942.75,7.17,07-03-2021,07-03-2039,Paid Off
LN700549,CUST100349,Student Loan,14080.88,4.65,21/10/2023,21.10.2040,Defaulted
LN701129,CUST102691,AUTO LOAN,32334.61,99.9,05.07.2022,05.07.2036,Paid Off
LN700481,CUST100597,STUDENT LOAN,40117.35,6.36,06-07-2012,2022-06-07,Paid Off
LN700209,CUST101197,STUDENT LOAN,30038.31,5.92,16.08.2023,16/08/2025,Closed
LN700645,CUST102909,PERSONAL LOAN,4237.25,8.24,2017-05-29,29/05/2026,
LN701082,CUST101978,PERSONAL LOAN,17097.33,9.79,31/10/2013,31.10.2023,Closed
LN700551,CUST102917,mortgage,156583.98,2.85,2012-11-21,21.11.2021,Active
LN700314,CUST101510,AUTO LOAN,15843.73,4.82,16.09.2016,16-Sep-2027,Paid Off
LN700385,CUST101133,Personal,22924.53,15.96,2023-07-08,07-08-2038,Defaulted
LN701169,CUST100598,Car Loan,7717.8,10.09,08-Jun-2017,2030-06-08,Closed
LN700665,CUST102927,STUDENT LOAN,35261.25,2.88,06/10/2015,06.10.2028,Paid Off
LN700541,CUST101622,student loan,26058.86,3.62,03-24-2014,24.03.2033,Paid Off
LN701148,CUST102587,student loan,26909.12,6.86,2011-11-06,11-06-2012,Paid Off
LN701026,CUST100915,PERSONAL LOAN,17474.33,11.27,10.09.2013,10.09.2017,Paid Off
LN700931,CUST100595,personal loan,21158.19,12.67,2014-11-02,2015-11-02,Defaulted
LN700189,CUST103109,Car Loan,20481.69,7.67,09-23-2010,23.09.2028,Active
LN700815,CUST101083,AUTO LOAN,19254.66,10.97,21-Jun-2016,2032-06-21,Paid Off
LN700375,CUST101473,Auto Loan,13888.65,5.25,24/10/2019,2033-10-24,
LN700713,CUST100806,Student Loan,45466.16,5.72,26/02/2017,26-Feb-2018,Defaulted
LN701017,CUST101241,Car Loan,12513.73,6.66,05-Apr-2021,05-Apr-2024,Paid Off
LN700430,CUST101681,Auto Loan,35527.9,0.0,22.10.2014,22-Oct-2028,Defaulted
LN701210,CUST100958,Student Loan,57588.18,2.51,12-09-2017,09.12.2032,Closed
LN701137,CUST103083,auto loan,7064.06,7.79,07.01.2017,07-Jan-2036,Active
LN700642,CUST100403,MORTGAGE,397952.46,4.99,18-Feb-2021,2027-02-18,Paid Off
LN700875,CUST101583,AUTO LOAN,16386.69,5.6,08.05.2016,05-08-2023,Defaulted
LN700019,CUST102964,Home Loan,173224.22,6.1,2017-08-02,02.08.2021,Active
LN700911,CUST101014,Auto Loan,15758.73,8.34,08-Oct-2016,08/10/2033,Paid Off
LN700280,CUST101710,personal loan,5916.12,16.46,2017-09-08,09-08-2031,Closed
LN700557,CUST100251,Car Loan,6296.29,7.11,2021-01-29,29/01/2032,Active
LN701221,CUST101139,Auto Loan,32286.78,7.62,29.01.2023,29-Jan-2038,Paid Off
LN700800,CUST102983,Personal,16469.46,10.48,09-Apr-2012,09-Apr-2032,Defaulted
LN700724,CUST102635,auto loan,37909.79,6.55,12-05-2011,12-05-2030,Paid Off
LN700960,CUST101300,Mortgage,349682.52,3.35,01-Dec-2022,12-01-2037,
LN700316,CUST102062,student loan,14448.16,2.29,16/04/2013,16.04.2031,
LN700381,CUST100686,STUDENT LOAN,53192.85,45.0,16.09.2020,16/09/2023,Active
LN700223,CUST102968,AUTO LOAN,3951.56,10.62,05-Oct-2012,05.10.2025,Closed
LN701007,CUST101599,auto loan,23549.44,8.2,2019-10-02,10-02-2036,Paid Off
LN700739,CUST101528,PERSONAL LOAN,9913.83,7.82,04/07/2020,04.07.2023,Defaulted
LN700073,CUST103061,Student Loan,44462.94,6.29,2015-06-03,2031-06-03,Paid Off
LN700487,CUST102235,Student Loan,28405.57,3.28,20/11/2011,2014-11-20,Active
LN700605,CUST102718,PERSONAL LOAN,15644.44,15.29,2010-06-06,06-Jun-2018,Closed
LN700529,CUST102444,Car Loan,20210.95,8.85,25-Oct-2021,10-25-2030,Active
LN700717,CUST101121,Car Loan,10481.86,9.99,23.11.2020,23.11.2025,Closed
LN700281,CUST100530,MORTGAGE,282740.99,3.16,28-Jan-2022,01-28-2040,Paid Off
LN700569,CUST101920,Auto Loan,12559.47,7.02,2021-03-06,06.03.2032,Closed
LN700045,CUST100536,MORTGAGE,318664.96,4.75,2020-01-02,02-Jan-2024,Active
LN701088,CUST102095,Student Loan,57313.05,5.14,08-10-2019,10-Aug-2025,Closed
LN700766,CUST100996,student loan,35633.74,3.36,01-08-2014,01-08-2032,Defaulted
LN700721,CUST101062,student loan,28300.51,3.62,2013-04-21,21/04/2025,Defaulted
LN701154,CUST101884,Mortgage,100186.55,5.71,10.09.2018,2040-09-10,Paid Off
LN700252,CUST101992,student loan,55059.79,2.05,03-22-2021,03-22-2033,Paid Off
LN700442,CUST100542,personal loan,22710.39,9.35,01-16-2021,01-16-2040,Closed
LN701119,CUST101960,PERSONAL LOAN,18897.05,15.71,23.06.2013,23/06/2031,
LN700066,CUST100086,personal loan,13906.79,17.96,15.04.2015,15-Apr-2035,Paid Off
LN700232,CUST103006,Mortgage,94528.68,6.07,31.01.2018,31.01.2029,Active
LN700031,CUST101601,student loan,16579.66,3.55,14-Jul-2010,2023-07-14,Closed
LN700580,CUST101985,Personal,5010.0,10.84,16.11.2010,16.11.2020,Defaulted
LN700350,CUST100178,Personal Loan,2369.36,13.8,23/09/2016,23-Sep-2017,Defaulted
LN700285,CUST102133,Mortgage,185521.86,6.29,2016-08-29,29.08.2029,Active
LN700478,CUST100950,auto loan,27258.04,7.05,28/04/2010,2025-04-28,Closed
LN701001,CUST101972,PERSONAL LOAN,12079.65,6.28,13.08.2012,13.08.2020,Paid Off
LN700039,CUST102218,STUDENT LOAN,10403.21,2.58,01-05-2017,05-Jan-2020,Active
LN700611,CUST100635,personal loan,13636.89,8.25,08/09/2022,08/09/2040,Paid Off
LN700483,CUST101796,PERSONAL LOAN,15964.7,13.54,01-29-2022,29.01.2039,Paid Off
LN701121,CUST102958,STUDENT LOAN,16258.63,2.1,05-Dec-2013,05/12/2021,Paid Off
LN700311,CUST100024,AUTO LOAN,11148.06,5.12,12/07/2014,2015-07-12,Active
LN700459,CUST101478,Personal,3662.01,8.47,2012-06-07,06-07-2019,Paid Off
LN700704,CUST102203,auto loan,30335.04,4.82,11/08/2019,2027-08-11,Active
LN700450,CUST100271,STUDENT LOAN,20109.69,5.45,07-07-2020,2035-07-07,Defaulted
LN701123,CUST102664,PERSONAL LOAN,12216.56,-3.5,02-09-2014,02-09-2028,Defaulted
LN700859,CUST100638,STUDENT LOAN,49965.07,-3.5,04-29-2022,2035-04-29,
LN700560,CUST101773,student loan,59618.03,45.0,10/08/2013,2016-08-10,Active
LN701232,CUST100209,Student Loan,49675.22,3.71,29.12.2012,29-Dec-2019,Defaulted
LN701130,CUST100555,Home Loan,397421.08,3.24,2015-02-13,13.02.2035,Paid Off
LN700558,CUST101069,Home Loan,345397.97,2.67,03/02/2013,2032-02-03,Active
LN701045,CUST100376,STUDENT LOAN,41320.36,3.85,27-Dec-2010,2011-12-27,Active
LN700964,CUST100213,AUTO LOAN,18488.34,9.1,24.06.2011,06-24-2022,Defaulted
LN700621,CUST101332,Auto Loan,6932.91,8.99,28.06.2020,28/06/2021,Active
LN700542,CUST100632,STUDENT LOAN,38402.63,5.49,2023-10-28,28-Oct-2034,Paid Off
LN700783,CUST101543,Home Loan,291334.89,4.05,2020-07-13,13.07.2032,Closed
LN700572,CUST102916,Car Loan,29343.5,7.85,08.01.2014,08-Jan-2018,
LN701198,CUST101070,Personal Loan,5732.65,12.23,2015-05-29,29-May-2016,Paid Off
LN700498,CUST103098,MORTGAGE,372299.94,4.63,09-Mar-2013,2029-03-09,Closed
LN701192,CUST100094,Home Loan,368529.74,6.24,25/11/2019,2037-11-25,Closed
LN700109,CUST101951,Auto Loan,5898.76,10.62,15/06/2019,15-Jun-2040,
LN700734,CUST101901,auto loan,10493.73,11.28,09.03.2013,09.03.2025,Paid Off
LN700486,CUST101461,Auto Loan,29361.43,5.76,22.08.2019,22-Aug-2020,Defaulted
LN700752,CUST100464,Student Loan,17665.48,4.49,19-Apr-2016,2019-04-19,Active
LN700592,CUST102417,Student Loan,33173.55,3.18,05-22-2015,05-22-2034,Active
LN700942,CUST102902,AUTO LOAN,10720.76,8.57,01/11/2023,01-Nov-2029,
LN701068,CUST100020,Personal Loan,10681.05,15.36,17.05.2020,17-May-2031,Defaulted
LN700488,CUST101859,AUTO LOAN,5410.13,9.27,04-Sep-2021,04-Sep-2037,Active
LN700652,CUST102999,Home Loan,180287.5,2.84,08-29-2021,08-29-2025,Active
LN701042,CUST101927,mortgage,235098.22,5.33,22-Nov-2022,22/11/2037,Paid Off
LN700753,CUST101409,STUDENT LOAN,41744.86,1.54,13-Jan-2023,2026-01-13,Active
LN700297,CUST102580,student loan,57261.22,4.38,09-29-2016,09-29-2030,Defaulted
LN700788,CUST102172,PERSONAL LOAN,7392.78,99.9,2016-01-09,09.01.2025,Closed
LN701202,CUST102112,Car Loan,33994.92,6.6,2014-05-01,05-01-2039,Active
LN701194,CUST101860,Mortgage,99910.61,5.9,18-Jan-2023,18/01/2027,Active
LN700869,CUST100470,Car Loan,23842.17,6.43,11.06.2022,11/06/2040,Defaulted
LN700088,CUST102245,PERSONAL LOAN,5066.49,99.9,22/01/2019,01-22-2026,Closed
LN700520,CUST102681,student loan,37060.68,5.64,15.02.2022,15/02/2035,Defaulted
LN700889,CUST100685,Home Loan,217185.14,4.68,13-May-2011,05-13-2025,Closed
LN700391,CUST101305,student loan,44718.01,5.62,06-Mar-2015,06.03.2026,Paid Off
LN701062,CUST101053,Student Loan,46654.36,3.94,27-Oct-2013,10-27-2025,Paid Off
LN700996,CUST101188,PERSONAL LOAN,18369.75,8.74,22-Dec-2019,22-Dec-2036,Closed
LN700369,CUST100326,STUDENT LOAN,59381.46,6.44,10-07-2011,07/10/2016,Defaulted
LN700272,CUST100828,Mortgage,411183.82,5.47,12-28-2014,12-28-2015,Defaulted
LN700806,CUST102285,personal loan,3946.65,15.36,2015-09-01,01.09.2020,Paid Off
LN700524,CUST101091,STUDENT LOAN,36458.96,4.96,2017-04-21,21/04/2030,Active
LN700460,CUST102118,AUTO LOAN,18607.48,8.98,2011-06-11,11/06/2023,Active
LN700989,CUST101047,Auto Loan,27092.84,6.84,2022-04-03,04-03-2037,
LN700484,CUST101097,mortgage,226827.28,5.24,01/03/2018,01-Mar-2037,Paid Off
LN700537,CUST100753,personal loan,23539.88,11.89,28.07.2020,28-Jul-2032,Closed
LN700190,CUST102633,STUDENT LOAN,45297.53,2.08,2011-06-29,06-29-2012,Defaulted
LN701126,CUST100730,auto loan,38878.22,45.0,19-Apr-2020,19/04/2038,Active
LN700191,CUST101868,MORTGAGE,206323.08,3.8,15.05.2021,05-15-2040,Active
LN701151,CUST103025,Student Loan,11801.58,4.95,2010-11-24,2028-11-24,Closed
LN700904,CUST101193,Mortgage,135631.6,6.03,07-Jul-2010,07-Jul-2015,Defaulted
LN700100,CUST101324,MORTGAGE,262294.34,5.39,06-06-2011,06-Jun-2034,Paid Off
LN700568,CUST100436,STUDENT LOAN,54767.73,6.72,17/11/2015,17/11/2040,Active
LN700177,CUST100847,Personal,24414.74,10.73,2012-12-21,21-Dec-2034,Closed
LN701046,CUST102143,student loan,43892.79,2.93,19-Oct-2011,19/10/2012,Closed
LN700888,CUST101740,Mortgage,377997.11,2.7,06-13-2016,2026-06-13,Paid Off
LN700628,CUST100148,Car Loan,39956.03,10.29,26.10.2022,26-Oct-2025,Active
LN700622,CUST102881,Car Loan,34492.29,10.02,12-11-2021,11/12/2040,Active
LN700664,CUST101587,Mortgage,345215.74,4.49,07-17-2017,17/07/2021,Paid Off
LN700236,CUST100907,PERSONAL LOAN,17890.44,15.22,2016-09-19,19.09.2019,Paid Off
LN700668,CUST100265,Personal Loan,1825.85,5.67,10/03/2020,10.03.2026,Closed
LN701099,CUST100920,personal loan,6242.19,99.9,06.07.2022,06-Jul-2030,Paid Off
LN700732,CUST102831,PERSONAL LOAN,6316.91,12.61,16.02.2014,2036-02-16,Active
LN700093,CUST101723,Mortgage,419611.86,4.19,20.09.2021,20.09.2040,Defaulted
LN701027,CUST101080,Auto Loan,5214.44,7.86,2013-03-07,2014-03-07,Active
LN700198,CUST101204,personal loan,10499.94,11.07,2011-10-27,2013-10-27,Defaulted
LN700694,CUST102806,Auto Loan,31387.91,-3.5,17-Jul-2011,17.07.2023,Defaulted
LN700038,CUST100203,AUTO LOAN,16915.48,8.17,20.03.2013,20-Mar-2014,Closed
LN701085,CUST102376,Mortgage,413709.27,5.5,21/03/2021,21-Mar-2022,Closed
LN700022,CUST102807,PERSONAL LOAN,1690.82,15.31,13/05/2012,13/05/2028,Closed
LN700781,CUST102630,Auto Loan,19052.84,7.44,11.10.2016,11-Oct-2034,
LN700826,CUST103030,Student Loan,41326.54,2.93,30/04/2017,30.04.2027,
LN700684,CUST100719,student loan,9444.7,3.59,2021-01-05,2032-01-05,Active
LN701244,CUST102761,Mortgage,187547.71,6.17,10.09.2012,2029-09-10,Closed
LN700102,CUST100033,personal loan,4255.12,8.91,04-27-2023,27.04.2038,Active
LN700934,CUST100554,Personal Loan,8929.51,8.09,04-27-2015,27-Apr-2021,Paid Off
LN700081,CUST100435,Auto Loan,21364.67,8.75,01/04/2018,01/04/2037,Active
LN700407,CUST100499,auto loan,24797.4,4.69,08-16-2021,16.08.2024,Closed
LN700044,CUST101896,Personal Loan,2715.48,15.64,13/05/2017,05-13-2040,Defaulted
LN700813,CUST103062,Personal Loan,20806.61,8.9,18-Nov-2020,18-Nov-2038,Active
LN700079,CUST100051,Mortgage,172285.94,5.09,10-18-2013,2026-10-18,Active
LN700279,CUST100939,MORTGAGE,156034.56,4.62,18.02.2021,2029-02-18,
